Workbook

Sheet Data
D8: Month | E8: 2003 | F8: 2004 | G8: 2005 | H8: 2006 | I8: 2007 | J8: 2008 | K8: 2009 | L8: 2010 | M8: 2011 | N8: 2012 | O8: Sparkline
C9: I | D9: January | F9: 5907 | G9: 7408 | H9: 9404 | I9: 10419 | J9: 9750 | K9: 9438 | L9: 15925 | M9: 19430 | N9: 17950
D10: February | F10: 6386 | G10: 7493 | H10: 8613 | I10: 8801 | J10: 8477 | K10: 8487 | L10: 13532 | M10: 17534 | N10: 13534
D11: March | F11: 9085 | G11: 8541 | H11: 9425 | I11: 8631 | J11: 9814 | K11: 10609 | L11: 14648 | M11: 17822 | N11: 15054
C12: II | D12: April | E12: 4698 | F12: 6492 | G12: 8029 | H12: 10905 | I12: 9682 | J12: 10684 | K12: 11282 | L12: 15697 | M12: 17740
D13: May | E13: 4605 | F13: 6832 | G13: 8650 | H13: 9842 | I13: 9052 | J13: 11693 | K13: 12870 | L13: 16653 | M13: 17952
D14: June | E14: 4859 | F14: 8867 | G14: 9960 | H14: 12259 | I14: 11477 | J14: 14439 | K14: 17811 | L14: 15411 | M14: 21552
C15: III | D15: July | E15: 4136 | F15: 4998 | G15: 7152 | H15: 9285 | I15: 8242 | J15: 9081 | K15: 12128 | L15: 13534 | M15: 15699
D16: August | E16: 3872 | F16: 5305 | G16: 7322 | H16: 7950 | I16: 7674 | J16: 9781 | K16: 10161 | L16: 12454 | M16: 15059
D17: September | E17: 5938 | F17: 7618 | G17: 9239 | H17: 11482 | I17: 10339 | J17: 10307 | K17: 16359 | L17: 16300 | M17: 23508
C18: IV | D18: October | E18: 8790 | F18: 11443 | G18: 14123 | H18: 15817 | I18: 13919 | J18: 14800 | K18: 17796 | L18: 23378 | M18: 30519
D19: November | E19: 6825 | F19: 8716 | G19: 9566 | H19: 10288 | I19: 10531 | J19: 7960 | K19: 11604 | L19: 16975 | M19: 16175
D20: December | E20: 4858 | F20: 6119 | G20: 7341 | H20: 8743 | I20: 8435 | J20: 6858 | K20: 11517 | L20: 15135 | M20: 15315

Sheet Month
A1: Year | B1: Month | C1: Industry | D1: MMFD
A2: 2003 | B2: April | C2: 10281 | D2: 4698
B3: May | C3: 11683 | D3: 4605
B4: June | C4: 14042 | D4: 4859
B5: July | C5: 10283 | D5: 4136
B6: August | C6: 9522 | D6: 3872
B7: September | C7: 14263 | D7: 5938
B8: October | C8: 20264 | D8: 8790
B9: November | C9: 15778 | D9: 6825
B10: December | C10: 12758 | D10: 4858
A11: 2004 | B11: January | C11: 14297 | D11: 5907
B12: February | C12: 17521 | D12: 6386
B13: March | C13: 24773 | D13: 9085
B14: April | C14: 15714 | D14: 6492
B15: May | C15: 17352 | D15: 6832
B16: June | C16: 20901 | D16: 8867
B17: July | C17: 12065 | D17: 4998
B18: August | C18: 13452 | D18: 5305
B19: September | C19: 22018 | D19: 7618
B20: October | C20: 27631 | D20: 11443
B21: November | C21: 21799 | D21: 8716
B22: December | C22: 16209 | D22: 6119
A23: 2005 | B23: January | C23: 16249 | D23: 7408
B24: February | C24: 18867 | D24: 7493
B25: March | C25: 23857 | D25: 8541
B26: April | C26: 16828 | D26: 8029
B27: May | C27: 19062 | D27: 8650
B28: June | C28: 22724 | D28: 9960
B29: July | C29: 15320 | D29: 7152
B30: August | C30: 16936 | D30: 7322
B31: September | C31: 21986 | D31: 9239
B32: October | C32: 30998 | D32: 14123
B33: November | C33: 22359 | D33: 9566
B34: December | C34: 20860 | D34: 7341
A35: 2006 | B35: January | C35: 24057 | D35: 9404
B36: February | C36: 23506 | D36: 8613
B37: March | C37: 27985 | D37: 9425
B38: April | C38: 24416 | D38: 10905
B39: May | C39: 24262 | D39: 9842
B40: June | C40: 29924 | D40: 12259
B41: July | C41: 21738 | D41: 9285
B42: August | C42: 20417 | D42: 7950
B43: September | C43: 33280 | D43: 11482
B44: October | C44: 35817 | D44: 15817
B45: November | C45: 26057 | D45: 10288
B46: December | C46: 23742 | D46: 8743
A47: 2007 | B47: January | C47: 26259 | D47: 10419
B48: February | C48: 23995 | D48: 8801
B49: March | C49: 28421 | D49: 8631
B50: April | C50: 22357 | D50: 9682
B51: May | C51: 23488 | D51: 9052
B52: June | C52: 29631 | D52: 11477
B53: July | C53: 20594 | D53: 8242
B54: August | C54: 20051 | D54: 7674
B55: September | C55: 27466 | D55: 10339
B56: October | C56: 34778 | D56: 13919
B57: November | C57: 25839 | D57: 10531
B58: December | C58: 23053 | D58: 8435
A59: 2008 | B59: January | C59: 23548 | D59: 9750
B60: February | C60: 22619 | D60: 8477
B61: March | C61: 28817 | D61: 9814
B62: April | C62: 24644 | D62: 10684
B63: May | C63: 27949 | D63: 11693
B64: June | C64: 32737 | D64: 14439
B65: July | C65: 21654 | D65: 9081
B66: August | C66: 22718 | D66: 9781
B67: September | C67: 28855 | D67: 10307
B68: October | C68: 33205 | D68: 14800
B69: November | C69: 20983 | D69: 7960
B70: December | C70: 17751 | D70: 6858
A71: 2009 | B71: January | C71: 22114 | D71: 9438
B72: February | C72: 20025 | D72: 8487
B73: March | C73: 31286 | D73: 10609
B74: April | C74: 27039 | D74: 11282
B75: May | C75: 31113 | D75: 12870
B76: June | C76: 39396 | D76: 17811
B77: July | C77: 27219 | D77: 12128
B78: August | C78: 24434 | D78: 10161
B79: September | C79: 41338 | D79: 16359
B80: October | C80: 43171 | D80: 17796
B81: November | C81: 27743 | D81: 11604
B82: December | C82: 27424 | D82: 11517
A83: 2010 | B83: January | C83: 35941 | D83: 15925
B84: February | C84: 32140 | D84: 13532
B85: March | C85: 43245 | D85: 14648
B86: April | C86: 38301 | D86: 15697
B87: May | C87: 40442 | D87: 16653
B88: June | C88: 38356 | D88: 15411
B89: July | C89: 31198 | D89: 13534
B90: August | C90: 29763 | D90: 12454
B91: September | C91: 42042 | D91: 16300
B92: October | C92: 55946 | D92: 23378
B93: November | C93: 37044 | D93: 16975
B94: December | C94: 35298 | D94: 15135
A95: 2011 | B95: January | C95: 42838 | D95: 19430
B96: February | C96: 41784 | D96: 17534
B97: March | C97: 45500 | D97: 17822
B98: April | C98: 42513 | D98: 17740
B99: May | C99: 41874 | D99: 17952
B100: June | C100: 48716 | D100: 21552
...

Sheet NAive
A1: #Month | B1: Year | C1: Month | D1: Demand | E1: Forecast | G1: Forecast error | H1: Absolute value | I1: MSE | J1: MAD | K1: APE | L1: MAPE | M1: Bias | N1: TS
A2: 1 | B2: 2003 | C2: April | D2: 4698
A3: 2 | C3: May | D3: 4605 | E3: =D2 -> 4698 | G3: =E3-D3 -> 93 | H3: =ABS(G3) -> 93 | I3: =SUMSQ($G$3:G3)/(A3-1) -> 8649 | J3: =SUM($H$3:H3)/(A3-1) -> 93 | K3: =H3/D3 -> 0.02019544 | L3: =SUM($K$3:K3)/(A3-1) -> 0.02019544 | M3: =SUM($G$3:G3) -> 93 | N3: =M3/J3 -> 1
A4: 3 | C4: June | D4: 4859 | E4: =D3 -> 4605 | G4: =E4-D4 -> -254 | H4: =ABS(G4) -> 254 | I4: =SUMSQ($G$3:G4)/(A4-1) -> 36582.5 | J4: =SUM($H$3:H4)/(A4-1) -> 173.5 | K4: =H4/D4 -> 0.05227413 | L4: =SUM($K$3:K4)/(A4-1) -> 0.036234785 | M4: =SUM($G$3:G4) -> -161 | N4: =M4/J4 -> -0.92795389
A5: 4 | C5: July | D5: 4136 | E5: =D4 -> 4859 | G5: =E5-D5 -> 723 | H5: =ABS(G5) -> 723 | I5: =SUMSQ($G$3:G5)/(A5-1) -> 198631.33 | J5: =SUM($H$3:H5)/(A5-1) -> 356.66667 | K5: =H5/D5 -> 0.17480658 | L5: =SUM($K$3:K5)/(A5-1) -> 0.082425382 | M5: =SUM($G$3:G5) -> 562 | N5: =M5/J5 -> 1.5757009
A6: 5 | C6: August | D6: 3872 | E6: =D5 -> 4136 | G6: =E6-D6 -> 264 | H6: =ABS(G6) -> 264 | I6: =SUMSQ($G$3:G6)/(A6-1) -> 166397.5 | J6: =SUM($H$3:H6)/(A6-1) -> 333.5 | K6: =H6/D6 -> 0.068181818 | L6: =SUM($K$3:K6)/(A6-1) -> 0.078864491 | M6: =SUM($G$3:G6) -> 826 | N6: =M6/J6 -> 2.4767616
A7: 6 | C7: September | D7: 5938 | E7: =D6 -> 3872 | G7: =E7-D7 -> -2066 | H7: =ABS(G7) -> 2066 | I7: =SUMSQ($G$3:G7)/(A7-1) -> 986789.2 | J7: =SUM($H$3:H7)/(A7-1) -> 680 | K7: =H7/D7 -> 0.3479286 | L7: =SUM($K$3:K7)/(A7-1) -> 0.13267731 | M7: =SUM($G$3:G7) -> -1240 | N7: =M7/J7 -> -1.8235294
A8: 7 | C8: October | D8: 8790 | E8: =D7 -> 5938 | G8: =E8-D8 -> -2852 | H8: =ABS(G8) -> 2852 | I8: =SUMSQ($G$3:G8)/(A8-1) -> 2177975 | J8: =SUM($H$3:H8)/(A8-1) -> 1042 | K8: =H8/D8 -> 0.32445961 | L8: =SUM($K$3:K8)/(A8-1) -> 0.16464103 | M8: =SUM($G$3:G8) -> -4092 | N8: =M8/J8 -> -3.9270633
A9: 8 | C9: November | D9: 6825 | E9: =D8 -> 8790 | G9: =E9-D9 -> 1965 | H9: =ABS(G9) -> 1965 | I9: =SUMSQ($G$3:G9)/(A9-1) -> 2418439.3 | J9: =SUM($H$3:H9)/(A9-1) -> 1173.8571 | K9: =H9/D9 -> 0.28791209 | L9: =SUM($K$3:K9)/(A9-1) -> 0.18225118 | M9: =SUM($G$3:G9) -> -2127 | N9: =M9/J9 -> -1.8119752
A10: 9 | C10: December | D10: 4858 | E10: =D9 -> 6825 | G10: =E10-D10 -> 1967 | H10: =ABS(G10) -> 1967 | I10: =SUMSQ($G$3:G10)/(A10-1) -> 2599770.5 | J10: =SUM($H$3:H10)/(A10-1) -> 1273 | K10: =H10/D10 -> 0.40489914 | L10: =SUM($K$3:K10)/(A10-1) -> 0.21008217 | M10: =SUM($G$3:G10) -> -160 | N10: =M10/J10 -> -0.12568735
A11: 10 | B11: 2004 | C11: January | D11: 5907 | E11: =D10 -> 4858 | G11: =E11-D11 -> -1049 | H11: =ABS(G11) -> 1049 | I11: =SUMSQ($G$3:G11)/(A11-1) -> 2433173.9 | J11: =SUM($H$3:H11)/(A11-1) -> 1248.1111 | K11: =H11/D11 -> 0.17758592 | L11: =SUM($K$3:K11)/(A11-1) -> 0.20647148 | M11: =SUM($G$3:G11) -> -1209 | N11: =M11/J11 -> -0.96866376
A12: 11 | C12: February | D12: 6386 | E12: =D11 -> 5907 | G12: =E12-D12 -> -479 | H12: =ABS(G12) -> 479 | I12: =SUMSQ($G$3:G12)/(A12-1) -> 2212800.6 | J12: =SUM($H$3:H12)/(A12-1) -> 1171.2 | K12: =H12/D12 -> 0.07500783 | L12: =SUM($K$3:K12)/(A12-1) -> 0.19332511 | M12: =SUM($G$3:G12) -> -1688 | N12: =M12/J12 -> -1.4412568
A13: 12 | C13: March | D13: 9085 | E13: =D12 -> 6386 | G13: =E13-D13 -> -2699 | H13: =ABS(G13) -> 2699 | I13: =SUMSQ($G$3:G13)/(A13-1) -> 2673873.4 | J13: =SUM($H$3:H13)/(A13-1) -> 1310.0909 | K13: =H13/D13 -> 0.2970831 | L13: =SUM($K$3:K13)/(A13-1) -> 0.20275766 | M13: =SUM($G$3:G13) -> -4387 | N13: =M13/J13 -> -3.3486226
A14: 13 | C14: April | D14: 6492 | E14: =D13 -> 9085 | G14: =E14-D14 -> 2593 | H14: =ABS(G14) -> 2593 | I14: =SUMSQ($G$3:G14)/(A14-1) -> 3011354.7 | J14: =SUM($H$3:H14)/(A14-1) -> 1417 | K14: =H14/D14 -> 0.39941466 | L14: =SUM($K$3:K14)/(A14-1) -> 0.21914574 | M14: =SUM($G$3:G14) -> -1794 | N14: =M14/J14 -> -1.266055
A15: 14 | C15: May | D15: 6832 | E15: =D14 -> 6492 | G15: =E15-D15 -> -340 | H15: =ABS(G15) -> 340 | I15: =SUMSQ($G$3:G15)/(A15-1) -> 2788604.3 | J15: =SUM($H$3:H15)/(A15-1) -> 1334.1538 | K15: =H15/D15 -> 0.049765808 | L15: =SUM($K$3:K15)/(A15-1) -> 0.20611652 | M15: =SUM($G$3:G15) -> -2134 | N15: =M15/J15 -> -1.5995157
A16: 15 | C16: June | D16: 8867 | E16: =D15 -> 6832 | G16: =E16-D16 -> -2035 | H16: =ABS(G16) -> 2035 | I16: =SUMSQ($G$3:G16)/(A16-1) -> 2885220.1 | J16: =SUM($H$3:H16)/(A16-1) -> 1384.2143 | K16: =H16/D16 -> 0.22950265 | L16: =SUM($K$3:K16)/(A16-1) -> 0.20778695 | M16: =SUM($G$3:G16) -> -4169 | N16: =M16/J16 -> -3.0118169
A17: 16 | C17: July | D17: 4998 | E17: =D16 -> 8867 | G17: =E17-D17 -> 3869 | H17: =ABS(G17) -> 3869 | I17: =SUMSQ($G$3:G17)/(A17-1) -> 3690816.1 | J17: =SUM($H$3:H17)/(A17-1) -> 1549.8667 | K17: =H17/D17 -> 0.77410964 | L17: =SUM($K$3:K17)/(A17-1) -> 0.2455418 | M17: =SUM($G$3:G17) -> -300 | N17: =M17/J17 -> -0.19356504
A18: 17 | C18: August | D18: 5305 | E18: =D17 -> 4998 | G18: =E18-D18 -> -307 | H18: =ABS(G18) -> 307 | I18: =SUMSQ($G$3:G18)/(A18-1) -> 3466030.7 | J18: =SUM($H$3:H18)/(A18-1) -> 1472.1875 | K18: =H18/D18 -> 0.057869934 | L18: =SUM($K$3:K18)/(A18-1) -> 0.23381231 | M18: =SUM($G$3:G18) -> -607 | N18: =M18/J18 -> -0.41231161
A19: 18 | C19: September | D19: 7618 | E19: =D18 -> 5305 | G19: =E19-D19 -> -2313 | H19: =ABS(G19) -> 2313 | I19: =SUMSQ($G$3:G19)/(A19-1) -> 3576850.6 | J19: =SUM($H$3:H19)/(A19-1) -> 1521.6471 | K19: =H19/D19 -> 0.303623 | L19: =SUM($K$3:K19)/(A19-1) -> 0.23791882 | M19: =SUM($G$3:G19) -> -2920 | N19: =M19/J19 -> -1.9189732
A20: 19 | C20: October | D20: 11443 | E20: =D19 -> 7618 | G20: =E20-D20 -> -3825 | H20: =ABS(G20) -> 3825 | I20: =SUMSQ($G$3:G20)/(A20-1) -> 4190949.2 | J20: =SUM($H$3:H20)/(A20-1) -> 1649.6111 | K20: =H20/D20 -> 0.33426549 | L20: =SUM($K$3:K20)/(A20-1) -> 0.24327141 | M20: =SUM($G$3:G20) -> -6745 | N20: =M20/J20 -> -4.0888425
A21: 20 | C21: November | D21: 8716 | E21: =D20 -> 11443 | G21: =E21-D21 -> 2727 | H21: =ABS(G21) -> 2727 | I21: =SUMSQ($G$3:G21)/(A21-1) -> 4361769.2 | J21: =SUM($H$3:H21)/(A21-1) -> 1706.3158 | K21: =H21/D21 -> 0.31287288 | L21: =SUM($K$3:K21)/(A21-1) -> 0.24693465 | M21: =SUM($G$3:G21) -> -4018 | N21: =M21/J21 -> -2.354781
A22: 21 | C22: December | D22: 6119 | E22: =D21 -> 8716 | G22: =E22-D22 -> 2597 | H22: =ABS(G22) -> 2597 | I22: =SUMSQ($G$3:G22)/(A22-1) -> 4480901.2 | J22: =SUM($H$3:H22)/(A22-1) -> 1750.85 | K22: =H22/D22 -> 0.42441575 | L22: =SUM($K$3:K22)/(A22-1) -> 0.2558087 | M22: =SUM($G$3:G22) -> -1421 | N22: =M22/J22 -> -0.81160579
A23: 22 | B23: 2005 | C23: January | D23: 7408 | E23: =D22 -> 6119 | G23: =E23-D23 -> -1289 | H23: =ABS(G23) -> 1289 | I23: =SUMSQ($G$3:G23)/(A23-1) -> 4346645 | J23: =SUM($H$3:H23)/(A23-1) -> 1728.8571 | K23: =H23/D23 -> 0.17400108 | L23: =SUM($K$3:K23)/(A23-1) -> 0.2519131 | M23: =SUM($G$3:G23) -> -2710 | N23: =M23/J23 -> -1.5675095
A24: 23 | C24: February | D24: 7493 | E24: =D23 -> 7408 | G24: =E24-D24 -> -85 | H24: =ABS(G24) -> 85 | I24: =SUMSQ($G$3:G24)/(A24-1) -> 4149398.6 | J24: =SUM($H$3:H24)/(A24-1) -> 1654.1364 | K24: =H24/D24 -> 0.011343921 | L24: =SUM($K$3:K24)/(A24-1) -> 0.24097814 | M24: =SUM($G$3:G24) -> -2795 | N24: =M24/J24 -> -1.6897035
A25: 24 | C25: March | D25: 8541 | E25: =D24 -> 7493 | G25: =E25-D25 -> -1048 | H25: =ABS(G25) -> 1048 | I25: =SUMSQ($G$3:G25)/(A25-1) -> 4016742.3 | J25: =SUM($H$3:H25)/(A25-1) -> 1627.7826 | K25: =H25/D25 -> 0.12270226 | L25: =SUM($K$3:K25)/(A25-1) -> 0.23583571 | M25: =SUM($G$3:G25) -> -3843 | N25: =M25/J25 -> -2.3608804
A26: 25 | C26: April | D26: 8029 | E26: =D25 -> 8541 | G26: =E26-D26 -> 512 | H26: =ABS(G26) -> 512 | I26: =SUMSQ($G$3:G26)/(A26-1) -> 3860300.7 | J26: =SUM($H$3:H26)/(A26-1) -> 1581.2917 | K26: =H26/D26 -> 0.063768838 | L26: =SUM($K$3:K26)/(A26-1) -> 0.22866626 | M26: =SUM($G$3:G26) -> -3331 | N26: =M26/J26 -> -2.1065058
A27: 26 | C27: May | D27: 8650 | E27: =D26 -> 8029 | G27: =E27-D27 -> -621 | H27: =ABS(G27) -> 621 | I27: =SUMSQ($G$3:G27)/(A27-1) -> 3721314.3 | J27: =SUM($H$3:H27)/(A27-1) -> 1542.88 | K27: =H27/D27 -> 0.071791908 | L27: =SUM($K$3:K27)/(A27-1) -> 0.22239128 | M27: =SUM($G$3:G27) -> -3952 | N27: =M27/J27 -> -2.5614435
A28: 27 | C28: June | D28: 9960 | E28: =D27 -> 8650 | G28: =E28-D28 -> -1310 | H28: =ABS(G28) -> 1310 | I28: =SUMSQ($G$3:G28)/(A28-1) -> 3644190.7 | J28: =SUM($H$3:H28)/(A28-1) -> 1533.9231 | K28: =H28/D28 -> 0.1315261 | L28: =SUM($K$3:K28)/(A28-1) -> 0.21889647 | M28: =SUM($G$3:G28) -> -5262 | N28: =M28/J28 -> -3.4304197
A29: 28 | C29: July | D29: 7152 | E29: =D28 -> 9960 | G29: =E29-D29 -> 2808 | H29: =ABS(G29) -> 2808 | I29: =SUMSQ($G$3:G29)/(A29-1) -> 3801252.7 | J29: =SUM($H$3:H29)/(A29-1) -> 1581.1111 | K29: =H29/D29 -> 0.39261745 | L29: =SUM($K$3:K29)/(A29-1) -> 0.22533058 | M29: =SUM($G$3:G29) -> -2454 | N29: =M29/J29 -> -1.5520731
A30: 29 | C30: August | D30: 7322 | E30: =D29 -> 7152 | G30: =E30-D30 -> -170 | H30: =ABS(G30) -> 170 | I30: =SUMSQ($G$3:G30)/(A30-1) -> 3666525.8 | J30: =SUM($H$3:H30)/(A30-1) -> 1530.7143 | K30: =H30/D30 -> 0.0232177 | L30: =SUM($K$3:K30)/(A30-1) -> 0.21811226 | M30: =SUM($G$3:G30) -> -2624 | N30: =M30/J30 -> -1.7142324
A31: 30 | C31: September | D31: 9239 | E31: =D30 -> 7322 | G31: =E31-D31 -> -1917 | H31: =ABS(G31) -> 1917 | I31: =SUMSQ($G$3:G31)/(A31-1) -> 3666814.2 | J31: =SUM($H$3:H31)/(A31-1) -> 1544.0345 | K31: =H31/D31 -> 0.20748999 | L31: =SUM($K$3:K31)/(A31-1) -> 0.21774598 | M31: =SUM($G$3:G31) -> -4541 | N31: =M31/J31 -> -2.9409965
A32: 31 | C32: October | D32: 14123 | E32: =D31 -> 9239 | G32: =E32-D32 -> -4884 | H32: =ABS(G32) -> 4884 | I32: =SUMSQ($G$3:G32)/(A32-1) -> 4339702.2 | J32: =SUM($H$3:H32)/(A32-1) -> 1655.3667 | K32: =H32/D32 -> 0.34581888 | L32: =SUM($K$3:K32)/(A32-1) -> 0.22201507 | M32: =SUM($G$3:G32) -> -9425 | N32: =M32/J32 -> -5.6936026
A33: 32 | C33: November | D33: 9566 | E33: =D32 -> 14123 | G33: =E33-D33 -> 4557 | H33: =ABS(G33) -> 4557 | I33: =SUMSQ($G$3:G33)/(A33-1) -> 4869590.8 | J33: =SUM($H$3:H33)/(A33-1) -> 1748.9677 | K33: =H33/D33 -> 0.47637466 | L33: =SUM($K$3:K33)/(A33-1) -> 0.23022022 | M33: =SUM($G$3:G33) -> -4868 | N33: =M33/J33 -> -2.7833561
A34: 33 | C34: December | D34: 7341 | E34: =D33 -> 9566 | G34: =E34-D34 -> 2225 | H34: =ABS(G34) -> 2225 | I34: =SUMSQ($G$3:G34)/(A34-1) -> 4872123.2 | J34: =SUM($H$3:H34)/(A34-1) -> 1763.8438 | K34: =H34/D34 -> 0.30309222 | L34: =SUM($K$3:K34)/(A34-1) -> 0.23249747 | M34: =SUM($G$3:G34) -> -2643 | N34: =M34/J34 -> -1.498432
A35: 34 | B35: 2006 | C35: January | D35: 9404 | E35: =D34 -> 7341 | G35: =E35-D35 -> -2063 | H35: =ABS(G35) -> 2063 | I35: =SUMSQ($G$3:G35)/(A35-1) -> 4853451.8 | J35: =SUM($H$3:H35)/(A35-1) -> 1772.9091 | K35: =H35/D35 -> 0.21937473 | L35: =SUM($K$3:K35)/(A35-1) -> 0.23209981 | M35: =SUM($G$3:G35) -> -4706 | N35: =M35/J35 -> -2.6543944
A36: 35 | C36: February | D36: 8613 | E36: =D35 -> 9404 | G36: =E36-D36 -> 791 | H36: =ABS(G36) -> 791 | I36: =SUMSQ($G$3:G36)/(A36-1) -> 4729105.6 | J36: =SUM($H$3:H36)/(A36-1) -> 1744.0294 | K36: =H36/D36 -> 0.091837919 | L36: =SUM($K$3:K36)/(A36-1) -> 0.22797446 | M36: =SUM($G$3:G36) -> -3915 | N36: =M36/J36 -> -2.2448016
A37: 36 | C37: March | D37: 9425 | E37: =D36 -> 8613 | G37: =E37-D37 -> -812 | H37: =ABS(G37) -> 812 | I37: =SUMSQ($G$3:G37)/(A37-1) -> 4612826.7 | J37: =SUM($H$3:H37)/(A37-1) -> 1717.4 | K37: =H37/D37 -> 0.086153846 | L37: =SUM($K$3:K37)/(A37-1) -> 0.22392244 | M37: =SUM($G$3:G37) -> -4727 | N37: =M37/J37 -> -2.7524164
A38: 37 | C38: April | D38: 10905 | E38: =D37 -> 9425 | G38: =E38-D38 -> -1480 | H38: =ABS(G38) -> 1480 | I38: =SUMSQ($G$3:G38)/(A38-1) -> 4545537.1 | J38: =SUM($H$3:H38)/(A38-1) -> 1710.8056 | K38: =H38/D38 -> 0.13571756 | L38: =SUM($K$3:K38)/(A38-1) -> 0.22147231 | M38: =SUM($G$3:G38) -> -6207 | N38: =M38/J38 -> -3.6281154
A39: 38 | C39: May | D39: 9842 | E39: =D38 -> 10905 | G39: =E39-D39 -> 1063 | H39: =ABS(G39) -> 1063 | I39: =SUMSQ($G$3:G39)/(A39-1) -> 4453224.4 | J39: =SUM($H$3:H39)/(A39-1) -> 1693.2973 | K39: =H39/D39 -> 0.1080065 | L39: =SUM($K$3:K39)/(A39-1) -> 0.21840567 | M39: =SUM($G$3:G39) -> -5144 | N39: =M39/J39 -> -3.0378599
A40: 39 | C40: June | D40: 12259 | E40: =D39 -> 9842 | G40: =E40-D40 -> -2417 | H40: =ABS(G40) -> 2417 | I40: =SUMSQ($G$3:G40)/(A40-1) -> 4489768.2 | J40: =SUM($H$3:H40)/(A40-1) -> 1712.3421 | K40: =H40/D40 -> 0.19716127 | L40: =SUM($K$3:K40)/(A40-1) -> 0.2178466 | M40: =SUM($G$3:G40) -> -7561 | N40: =M40/J40 -> -4.4155896
A41: 40 | C41: July | D41: 9285 | E41: =D40 -> 12259 | G41: =E41-D41 -> 2974 | H41: =ABS(G41) -> 2974 | I41: =SUMSQ($G$3:G41)/(A41-1) -> 4601432.5 | J41: =SUM($H$3:H41)/(A41-1) -> 1744.6923 | K41: =H41/D41 -> 0.32030156 | L41: =SUM($K$3:K41)/(A41-1) -> 0.22047365 | M41: =SUM($G$3:G41) -> -4587 | N41: =M41/J41 -> -2.6291169
A42: 41 | C42: August | D42: 7950 | E42: =D41 -> 9285 | G42: =E42-D42 -> 1335 | H42: =ABS(G42) -> 1335 | I42: =SUMSQ($G$3:G42)/(A42-1) -> 4530952.3 | J42: =SUM($H$3:H42)/(A42-1) -> 1734.45 | K42: =H42/D42 -> 0.16792453 | L42: =SUM($K$3:K42)/(A42-1) -> 0.21915992 | M42: =SUM($G$3:G42) -> -3252 | N42: =M42/J42 -> -1.8749459
A43: 42 | C43: September | D43: 11482 | E43: =D42 -> 7950 | G43: =E43-D43 -> -3532 | H43: =ABS(G43) -> 3532 | I43: =SUMSQ($G$3:G43)/(A43-1) -> 4724710.2 | J43: =SUM($H$3:H43)/(A43-1) -> 1778.2927 | K43: =H43/D43 -> 0.30761191 | L43: =SUM($K$3:K43)/(A43-1) -> 0.22131729 | M43: =SUM($G$3:G43) -> -6784 | N43: =M43/J43 -> -3.8148951
A44: 43 | C44: October | D44: 15817 | E44: =D43 -> 11482 | G44: =E44-D44 -> -4335 | H44: =ABS(G44) -> 4335 | I44: =SUMSQ($G$3:G44)/(A44-1) -> 5059651 | J44: =SUM($H$3:H44)/(A44-1) -> 1839.1667 | K44: =H44/D44 -> 0.2740722 | L44: =SUM($K$3:K44)/(A44-1) -> 0.22257336 | M44: =SUM($G$3:G44) -> -11119 | N44: =M44/J44 -> -6.0456729
A45: 44 | C45: November | D45: 10288 | E45: =D44 -> 15817 | G45: =E45-D45 -> 5529 | H45: =ABS(G45) -> 5529 | I45: =SUMSQ($G$3:G45)/(A45-1) -> 5652911.3 | J45: =SUM($H$3:H45)/(A45-1) -> 1924.9767 | K45: =H45/D45 -> 0.53742224 | L45: =SUM($K$3:K45)/(A45-1) -> 0.22989543 | M45: =SUM($G$3:G45) -> -5590 | N45: =M45/J45 -> -2.9039312
A46: 45 | C46: December | D46: 8743 | E46: =D45 -> 10288 | G46: =E46-D46 -> 1545 | H46: =ABS(G46) -> 1545 | I46: =SUMSQ($G$3:G46)/(A46-1) -> 5578686.6 | J46: =SUM($H$3:H46)/(A46-1) -> 1916.3409 | K46: =H46/D46 -> 0.1767128 | L46: =SUM($K$3:K46)/(A46-1) -> 0.22868673 | M46: =SUM($G$3:G46) -> -4045 | N46: =M46/J46 -> -2.1107935
A47: 46 | B47: 2007 | C47: January | D47: 10419 | E47: =D46 -> 8743 | G47: =E47-D47 -> -1676 | H47: =ABS(G47) -> 1676 | I47: =SUMSQ($G$3:G47)/(A47-1) -> 5517137.4 | J47: =SUM($H$3:H47)/(A47-1) -> 1911 | K47: =H47/D47 -> 0.16085997 | L47: =SUM($K$3:K47)/(A47-1) -> 0.22717947 | M47: =SUM($G$3:G47) -> -5721 | N47: =M47/J47 -> -2.9937206
A48: 47 | C48: February | D48: 8801 | E48: =D47 -> 10419 | G48: =E48-D48 -> 1618 | H48: =ABS(G48) -> 1618 | I48: =SUMSQ($G$3:G48)/(A48-1) -> 5454111.1 | J48: =SUM($H$3:H48)/(A48-1) -> 1904.6304 | K48: =H48/D48 -> 0.18384275 | L48: =SUM($K$3:K48)/(A48-1) -> 0.22623737 | M48: =SUM($G$3:G48) -> -4103 | N48: =M48/J48 -> -2.1542237
A49: 48 | C49: March | D49: 8631 | E49: =D48 -> 8801 | G49: =E49-D49 -> 170 | H49: =ABS(G49) -> 170 | I49: =SUMSQ($G$3:G49)/(A49-1) -> 5338681 | J49: =SUM($H$3:H49)/(A49-1) -> 1867.7234 | K49: =H49/D49 -> 0.019696443 | L49: =SUM($K$3:K49)/(A49-1) -> 0.22184288 | M49: =SUM($G$3:G49) -> -3933 | N49: =M49/J49 -> -2.1057722
A50: 49 | C50: April | D50: 9682 | E50: =D49 -> 8631 | G50: =E50-D50 -> -1051 | H50: =ABS(G50) -> 1051 | I50: =SUMSQ($G$3:G50)/(A50-1) -> 5250471 | J50: =SUM($H$3:H50)/(A50-1) -> 1850.7083 | K50: =H50/D50 -> 0.10855195 | L50: =SUM($K$3:K50)/(A50-1) -> 0.21948265 | M50: =SUM($G$3:G50) -> -4984 | N50: =M50/J50 -> -2.6930229
A51: 50 | C51: May | D51: 9052 | E51: =D50 -> 9682 | G51: =E51-D51 -> 630 | H51: =ABS(G51) -> 630 | I51: =SUMSQ($G$3:G51)/(A51-1) -> 5151418.6 | J51: =SUM($H$3:H51)/(A51-1) -> 1825.7959 | K51: =H51/D51 -> 0.069597879 | L51: =SUM($K$3:K51)/(A51-1) -> 0.21642378 | M51: =SUM($G$3:G51) -> -4354 | N51: =M51/J51 -> -2.3847134
A52: 51 | C52: June | D52: 11477 | E52: =D51 -> 9052 | G52: =E52-D52 -> -2425 | H52: =ABS(G52) -> 2425 | I52: =SUMSQ($G$3:G52)/(A52-1) -> 5166002.7 | J52: =SUM($H$3:H52)/(A52-1) -> 1837.78 | K52: =H52/D52 -> 0.21129215 | L52: =SUM($K$3:K52)/(A52-1) -> 0.21632115 | M52: =SUM($G$3:G52) -> -6779 | N52: =M52/J52 -> -3.6886896
A53: 52 | C53: July | D53: 8242 | E53: =D52 -> 11477 | G53: =E53-D53 -> 3235 | H53: =ABS(G53) -> 3235 | I53: =SUMSQ($G$3:G53)/(A53-1) -> 5269909 | J53: =SUM($H$3:H53)/(A53-1) -> 1865.1765 | K53: =H53/D53 -> 0.39250182 | L53: =SUM($K$3:K53)/(A53-1) -> 0.21977567 | M53: =SUM($G$3:G53) -> -3544 | N53: =M53/J53 -> -1.9000883
A54: 53 | C54: August | D54: 7674 | E54: =D53 -> 8242 | G54: =E54-D54 -> 568 | H54: =ABS(G54) -> 568 | I54: =SUMSQ($G$3:G54)/(A54-1) -> 5174768.9 | J54: =SUM($H$3:H54)/(A54-1) -> 1840.2308 | K54: =H54/D54 -> 0.074016158 | L54: =SUM($K$3:K54)/(A54-1) -> 0.2169726 | M54: =SUM($G$3:G54) -> -2976 | N54: =M54/J54 -> -1.6171885
A55: 54 | C55: September | D55: 10339 | E55: =D54 -> 7674 | G55: =E55-D55 -> -2665 | H55: =ABS(G55) -> 2665 | I55: =SUMSQ($G$3:G55)/(A55-1) -> 5211136 | J55: =SUM($H$3:H55)/(A55-1) -> 1855.7925 | K55: =H55/D55 -> 0.25776187 | L55: =SUM($K$3:K55)/(A55-1) -> 0.21774221 | M55: =SUM($G$3:G55) -> -5641 | N55: =M55/J55 -> -3.0396718
A56: 55 | C56: October | D56: 13919 | E56: =D55 -> 10339 | G56: =E56-D56 -> -3580 | H56: =ABS(G56) -> 3580 | I56: =SUMSQ($G$3:G56)/(A56-1) -> 5351974.2 | J56: =SUM($H$3:H56)/(A56-1) -> 1887.7222 | K56: =H56/D56 -> 0.25720239 | L56: =SUM($K$3:K56)/(A56-1) -> 0.21847295 | M56: =SUM($G$3:G56) -> -9221 | N56: =M56/J56 -> -4.8847229
A57: 56 | C57: November | D57: 10531 | E57: =D56 -> 13919 | G57: =E57-D57 -> 3388 | H57: =ABS(G57) -> 3388 | I57: =SUMSQ($G$3:G57)/(A57-1) -> 5463366.4 | J57: =SUM($H$3:H57)/(A57-1) -> 1915 | K57: =H57/D57 -> 0.32171684 | L57: =SUM($K$3:K57)/(A57-1) -> 0.22035012 | M57: =SUM($G$3:G57) -> -5833 | N57: =M57/J57 -> -3.045953
A58: 57 | C58: December | D58: 8435 | E58: =D57 -> 10531 | G58: =E58-D58 -> 2096 | H58: =ABS(G58) -> 2096 | I58: =SUMSQ($G$3:G58)/(A58-1) -> 5444256.6 | J58: =SUM($H$3:H58)/(A58-1) -> 1918.2321 | K58: =H58/D58 -> 0.24848844 | L58: =SUM($K$3:K58)/(A58-1) -> 0.22085259 | M58: =SUM($G$3:G58) -> -3737 | N58: =M58/J58 -> -1.9481479
A59: 58 | B59: 2008 | C59: January | D59: 9750 | E59: =D58 -> 8435 | G59: =E59-D59 -> -1315 | H59: =ABS(G59) -> 1315 | I59: =SUMSQ($G$3:G59)/(A59-1) -> 5379080.6 | J59: =SUM($H$3:H59)/(A59-1) -> 1907.6491 | K59: =H59/D59 -> 0.13487179 | L59: =SUM($K$3:K59)/(A59-1) -> 0.21934415 | M59: =SUM($G$3:G59) -> -5052 | N59: =M59/J59 -> -2.6482858
A60: 59 | C60: February | D60: 8477 | E60: =D59 -> 9750 | G60: =E60-D60 -> 1273 | H60: =ABS(G60) -> 1273 | I60: =SUMSQ($G$3:G60)/(A60-1) -> 5314278 | J60: =SUM($H$3:H60)/(A60-1) -> 1896.7069 | K60: =H60/D60 -> 0.15017105 | L60: =SUM($K$3:K60)/(A60-1) -> 0.21815151 | M60: =SUM($G$3:G60) -> -3779 | N60: =M60/J60 -> -1.9924006
A61: 60 | C61: March | D61: 9814 | E61: =D60 -> 8477 | G61: =E61-D61 -> -1337 | H61: =ABS(G61) -> 1337 | I61: =SUMSQ($G$3:G61)/(A61-1) -> 5254503.3 | J61: =SUM($H$3:H61)/(A61-1) -> 1887.2203 | K61: =H61/D61 -> 0.13623395 | L61: =SUM($K$3:K61)/(A61-1) -> 0.21676308 | M61: =SUM($G$3:G61) -> -5116 | N61: =M61/J61 -> -2.7108652
A62: 61 | C62: April | D62: 10684 | E62: =D61 -> 9814 | G62: =E62-D62 -> -870 | H62: =ABS(G62) -> 870 | I62: =SUMSQ($G$3:G62)/(A62-1) -> 5179543.2 | J62: =SUM($H$3:H62)/(A62-1) -> 1870.2667 | K62: =H62/D62 -> 0.081430176 | L62: =SUM($K$3:K62)/(A62-1) -> 0.21450753 | M62: =SUM($G$3:G62) -> -5986 | N62: =M62/J62 -> -3.2006131
A63: 62 | C63: May | D63: 11693 | E63: =D62 -> 10684 | G63: =E63-D63 -> -1009 | H63: =ABS(G63) -> 1009 | I63: =SUMSQ($G$3:G63)/(A63-1) -> 5111322.5 | J63: =SUM($H$3:H63)/(A63-1) -> 1856.1475 | K63: =H63/D63 -> 0.086290943 | L63: =SUM($K$3:K63)/(A63-1) -> 0.21240562 | M63: =SUM($G$3:G63) -> -6995 | N63: =M63/J63 -> -3.7685582
A64: 63 | C64: June | D64: 14439 | E64: =D63 -> 11693 | G64: =E64-D64 -> -2746 | H64: =ABS(G64) -> 2746 | I64: =SUMSQ($G$3:G64)/(A64-1) -> 5150503 | J64: =SUM($H$3:H64)/(A64-1) -> 1870.5 | K64: =H64/D64 -> 0.19017938 | L64: =SUM($K$3:K64)/(A64-1) -> 0.21204713 | M64: =SUM($G$3:G64) -> -9741 | N64: =M64/J64 -> -5.2076985
A65: 64 | C65: July | D65: 9081 | E65: =D64 -> 14439 | G65: =E65-D65 -> 5358 | H65: =ABS(G65) -> 5358 | I65: =SUMSQ($G$3:G65)/(A65-1) -> 5524434.2 | J65: =SUM($H$3:H65)/(A65-1) -> 1925.8571 | K65: =H65/D65 -> 0.59002313 | L65: =SUM($K$3:K65)/(A65-1) -> 0.21804675 | M65: =SUM($G$3:G65) -> -4383 | N65: =M65/J65 -> -2.2758697
A66: 65 | C66: August | D66: 9781 | E66: =D65 -> 9081 | G66: =E66-D66 -> -700 | H66: =ABS(G66) -> 700 | I66: =SUMSQ($G$3:G66)/(A66-1) -> 5445771.1 | J66: =SUM($H$3:H66)/(A66-1) -> 1906.7031 | K66: =H66/D66 -> 0.071567324 | L66: =SUM($K$3:K66)/(A66-1) -> 0.21575801 | M66: =SUM($G$3:G66) -> -5083 | N66: =M66/J66 -> -2.6658581
A67: 66 | C67: September | D67: 10307 | E67: =D66 -> 9781 | G67: =E67-D67 -> -526 | H67: =ABS(G67) -> 526 | I67: =SUMSQ($G$3:G67)/(A67-1) -> 5366246.6 | J67: =SUM($H$3:H67)/(A67-1) -> 1885.4615 | K67: =H67/D67 -> 0.051033278 | L67: =SUM($K$3:K67)/(A67-1) -> 0.21322378 | M67: =SUM($G$3:G67) -> -5609 | N67: =M67/J67 -> -2.9748684
A68: 67 | C68: October | D68: 14800 | E68: =D67 -> 10307 | G68: =E68-D68 -> -4493 | H68: =ABS(G68) -> 4493 | I68: =SUMSQ($G$3:G68)/(A68-1) -> 5590804.2 | J68: =SUM($H$3:H68)/(A68-1) -> 1924.9697 | K68: =H68/D68 -> 0.30358108 | L68: =SUM($K$3:K68)/(A68-1) -> 0.21459283 | M68: =SUM($G$3:G68) -> -10102 | N68: =M68/J68 -> -5.2478748
A69: 68 | C69: November | D69: 7960 | E69: =D68 -> 14800 | G69: =E69-D69 -> 6840 | H69: =ABS(G69) -> 6840 | I69: =SUMSQ($G$3:G69)/(A69-1) -> 6205651.9 | J69: =SUM($H$3:H69)/(A69-1) -> 1998.3284 | K69: =H69/D69 -> 0.85929648 | L69: =SUM($K$3:K69)/(A69-1) -> 0.22421527 | M69: =SUM($G$3:G69) -> -3262 | N69: =M69/J69 -> -1.6323644
A70: 69 | C70: December | D70: 6858 | E70: =D69 -> 7960 | G70: =E70-D70 -> 1102 | H70: =ABS(G70) -> 1102 | I70: =SUMSQ($G$3:G70)/(A70-1) -> 6132251.2 | J70: =SUM($H$3:H70)/(A70-1) -> 1985.1471 | K70: =H70/D70 -> 0.16068825 | L70: =SUM($K$3:K70)/(A70-1) -> 0.22328105 | M70: =SUM($G$3:G70) -> -2160 | N70: =M70/J70 -> -1.0880806
A71: 70 | B71: 2009 | C71: January | D71: 9438 | E71: =D70 -> 6858 | G71: =E71-D71 -> -2580 | H71: =ABS(G71) -> 2580 | I71: =SUMSQ($G$3:G71)/(A71-1) -> 6139847.6 | J71: =SUM($H$3:H71)/(A71-1) -> 1993.7681 | K71: =H71/D71 -> 0.273363 | L71: =SUM($K$3:K71)/(A71-1) -> 0.22400688 | M71: =SUM($G$3:G71) -> -4740 | N71: =M71/J71 -> -2.3774079
A72: 71 | C72: February | D72: 8487 | E72: =D71 -> 9438 | G72: =E72-D72 -> 951 | H72: =ABS(G72) -> 951 | I72: =SUMSQ($G$3:G72)/(A72-1) -> 6065055.5 | J72: =SUM($H$3:H72)/(A72-1) -> 1978.8714 | K72: =H72/D72 -> 0.11205373 | L72: =SUM($K$3:K72)/(A72-1) -> 0.22240755 | M72: =SUM($G$3:G72) -> -3789 | N72: =M72/J72 -> -1.9147277
A73: 72 | C73: March | D73: 10609 | E73: =D72 -> 8487 | G73: =E73-D73 -> -2122 | H73: =ABS(G73) -> 2122 | I73: =SUMSQ($G$3:G73)/(A73-1) -> 6043053.1 | J73: =SUM($H$3:H73)/(A73-1) -> 1980.8873 | K73: =H73/D73 -> 0.20001885 | L73: =SUM($K$3:K73)/(A73-1) -> 0.22209221 | M73: =SUM($G$3:G73) -> -5911 | N73: =M73/J73 -> -2.9840163
A74: 73 | C74: April | D74: 11282 | E74: =D73 -> 10609 | G74: =E74-D74 -> -673 | H74: =ABS(G74) -> 673 | I74: =SUMSQ($G$3:G74)/(A74-1) -> 5965412.4 | J74: =SUM($H$3:H74)/(A74-1) -> 1962.7222 | K74: =H74/D74 -> 0.059652544 | L74: =SUM($K$3:K74)/(A74-1) -> 0.21983611 | M74: =SUM($G$3:G74) -> -6584 | N74: =M74/J74 -> -3.3545246
A75: 74 | C75: May | D75: 12870 | E75: =D74 -> 11282 | G75: =E75-D75 -> -1588 | H75: =ABS(G75) -> 1588 | I75: =SUMSQ($G$3:G75)/(A75-1) -> 5918238.9 | J75: =SUM($H$3:H75)/(A75-1) -> 1957.589 | K75: =H75/D75 -> 0.12338772 | L75: =SUM($K$3:K75)/(A75-1) -> 0.2185149 | M75: =SUM($G$3:G75) -> -8172 | N75: =M75/J75 -> -4.1745228
A76: 75 | C76: June | D76: 17811 | E76: =D75 -> 12870 | G76: =E76-D76 -> -4941 | H76: =ABS(G76) -> 4941 | I76: =SUMSQ($G$3:G76)/(A76-1) -> 6168174.6 | J76: =SUM($H$3:H76)/(A76-1) -> 1997.9054 | K76: =H76/D76 -> 0.27741283 | L76: =SUM($K$3:K76)/(A76-1) -> 0.21931082 | M76: =SUM($G$3:G76) -> -13113 | N76: =M76/J76 -> -6.5633738
A77: 76 | C77: July | D77: 12128 | E77: =D76 -> 17811 | G77: =E77-D77 -> 5683 | H77: =ABS(G77) -> 5683 | I77: =SUMSQ($G$3:G77)/(A77-1) -> 6516552.1 | J77: =SUM($H$3:H77)/(A77-1) -> 2047.04 | K77: =H77/D77 -> 0.46858509 | L77: =SUM($K$3:K77)/(A77-1) -> 0.22263447 | M77: =SUM($G$3:G77) -> -7430 | N77: =M77/J77 -> -3.6296311
A78: 77 | C78: August | D78: 10161 | E78: =D77 -> 12128 | G78: =E78-D78 -> 1967 | H78: =ABS(G78) -> 1967 | I78: =SUMSQ($G$3:G78)/(A78-1) -> 6481717.1 | J78: =SUM($H$3:H78)/(A78-1) -> 2045.9868 | K78: =H78/D78 -> 0.19358331 | L78: =SUM($K$3:K78)/(A78-1) -> 0.22225222 | M78: =SUM($G$3:G78) -> -5463 | N78: =M78/J78 -> -2.6701051
A79: 78 | C79: September | D79: 16359 | E79: =D78 -> 10161 | G79: =E79-D79 -> -6198 | H79: =ABS(G79) -> 6198 | I79: =SUMSQ($G$3:G79)/(A79-1) -> 6896437.7 | J79: =SUM($H$3:H79)/(A79-1) -> 2099.9091 | K79: =H79/D79 -> 0.37887401 | L79: =SUM($K$3:K79)/(A79-1) -> 0.22428627 | M79: =SUM($G$3:G79) -> -11661 | N79: =M79/J79 -> -5.5530975
A80: 79 | C80: October | D80: 17796 | E80: =D79 -> 16359 | G80: =E80-D80 -> -1437 | H80: =ABS(G80) -> 1437 | I80: =SUMSQ($G$3:G80)/(A80-1) -> 6834495.8 | J80: =SUM($H$3:H80)/(A80-1) -> 2091.4103 | K80: =H80/D80 -> 0.080748483 | L80: =SUM($K$3:K80)/(A80-1) -> 0.22244604 | M80: =SUM($G$3:G80) -> -13098 | N80: =M80/J80 -> -6.2627598
A81: 80 | C81: November | D81: 11604 | E81: =D80 -> 17796 | G81: =E81-D81 -> 6192 | H81: =ABS(G81) -> 6192 | I81: =SUMSQ($G$3:G81)/(A81-1) -> 7233310.6 | J81: =SUM($H$3:H81)/(A81-1) -> 2143.3165 | K81: =H81/D81 -> 0.5336091 | L81: =SUM($K$3:K81)/(A81-1) -> 0.22638481 | M81: =SUM($G$3:G81) -> -6906 | N81: =M81/J81 -> -3.2221094
A82: 81 | C82: December | D82: 11517 | E82: =D81 -> 11604 | G82: =E82-D82 -> 87 | H82: =ABS(G82) -> 87 | I82: =SUMSQ($G$3:G82)/(A82-1) -> 7142988.8 | J82: =SUM($H$3:H82)/(A82-1) -> 2117.6125 | K82: =H82/D82 -> 0.0075540505 | L82: =SUM($K$3:K82)/(A82-1) -> 0.22364943 | M82: =SUM($G$3:G82) -> -6819 | N82: =M82/J82 -> -3.2201359
A83: 82 | B83: 2010 | C83: January | D83: 15925 | E83: =D82 -> 11517 | G83: =E83-D83 -> -4408 | H83: =ABS(G83) -> 4408 | I83: =SUMSQ($G$3:G83)/(A83-1) -> 7294686 | J83: =SUM($H$3:H83)/(A83-1) -> 2145.8889 | K83: =H83/D83 -> 0.27679749 | L83: =SUM($K$3:K83)/(A83-1) -> 0.22430558 | M83: =SUM($G$3:G83) -> -11227 | N83: =M83/J83 -> -5.2318645
A84: 83 | C84: February | D84: 13532 | E84: =D83 -> 15925 | G84: =E84-D84 -> 2393 | H84: =ABS(G84) -> 2393 | I84: =SUMSQ($G$3:G84)/(A84-1) -> 7275561.2 | J84: =SUM($H$3:H84)/(A84-1) -> 2148.9024 | K84: =H84/D84 -> 0.17684008 | L84: =SUM($K$3:K84)/(A84-1) -> 0.22372673 | M84: =SUM($G$3:G84) -> -8834 | N84: =M84/J84 -> -4.1109358
A85: 84 | C85: March | D85: 14648 | E85: =D84 -> 13532 | G85: =E85-D85 -> -1116 | H85: =ABS(G85) -> 1116 | I85: =SUMSQ($G$3:G85)/(A85-1) -> 7202909.3 | J85: =SUM($H$3:H85)/(A85-1) -> 2136.4578 | K85: =H85/D85 -> 0.076187875 | L85: =SUM($K$3:K85)/(A85-1) -> 0.22194915 | M85: =SUM($G$3:G85) -> -9950 | N85: =M85/J85 -> -4.6572415
A86: 85 | C86: April | D86: 15697 | E86: =D85 -> 14648 | G86: =E86-D86 -> -1049 | H86: =ABS(G86) -> 1049 | I86: =SUMSQ($G$3:G86)/(A86-1) -> 7130260.4 | J86: =SUM($H$3:H86)/(A86-1) -> 2123.5119 | K86: =H86/D86 -> 0.066828056 | L86: =SUM($K$3:K86)/(A86-1) -> 0.22010247 | M86: =SUM($G$3:G86) -> -10999 | N86: =M86/J86 -> -5.1796272
A87: 86 | C87: May | D87: 16653 | E87: =D86 -> 15697 | G87: =E87-D87 -> -956 | H87: =ABS(G87) -> 956 | I87: =SUMSQ($G$3:G87)/(A87-1) -> 7057127.2 | J87: =SUM($H$3:H87)/(A87-1) -> 2109.7765 | K87: =H87/D87 -> 0.057407074 | L87: =SUM($K$3:K87)/(A87-1) -> 0.21818841 | M87: =SUM($G$3:G87) -> -11955 | N87: =M87/J87 -> -5.6664771
A88: 87 | C88: June | D88: 15411 | E88: =D87 -> 16653 | G88: =E88-D88 -> 1242 | H88: =ABS(G88) -> 1242 | I88: =SUMSQ($G$3:G88)/(A88-1) -> 6993004.4 | J88: =SUM($H$3:H88)/(A88-1) -> 2099.686 | K88: =H88/D88 -> 0.080591785 | L88: =SUM($K$3:K88)/(A88-1) -> 0.21658845 | M88: =SUM($G$3:G88) -> -10713 | N88: =M88/J88 -> -5.1021914
A89: 88 | C89: July | D89: 13534 | E89: =D88 -> 15411 | G89: =E89-D89 -> 1877 | H89: =ABS(G89) -> 1877 | I89: =SUMSQ($G$3:G89)/(A89-1) -> 6953120.7 | J89: =SUM($H$3:H89)/(A89-1) -> 2097.1264 | K89: =H89/D89 -> 0.13868775 | L89: =SUM($K$3:K89)/(A89-1) -> 0.21569304 | M89: =SUM($G$3:G89) -> -8836 | N89: =M89/J89 -> -4.2133845
A90: 89 | C90: August | D90: 12454 | E90: =D89 -> 13534 | G90: =E90-D90 -> 1080 | H90: =ABS(G90) -> 1080 | I90: =SUMSQ($G$3:G90)/(A90-1) -> 6887362.5 | J90: =SUM($H$3:H90)/(A90-1) -> 2085.5682 | K90: =H90/D90 -> 0.086719126 | L90: =SUM($K$3:K90)/(A90-1) -> 0.21422743 | M90: =SUM($G$3:G90) -> -7756 | N90: =M90/J90 -> -3.7188906
A91: 90 | C91: September | D91: 16300 | E91: =D90 -> 12454 | G91: =E91-D91 -> -3846 | H91: =ABS(G91) -> 3846 | I91: =SUMSQ($G$3:G91)/(A91-1) -> 6976175.5 | J91: =SUM($H$3:H91)/(A91-1) -> 2105.3483 | K91: =H91/D91 -> 0.23595092 | L91: =SUM($K$3:K91)/(A91-1) -> 0.21447151 | M91: =SUM($G$3:G91) -> -11602 | N91: =M91/J91 -> -5.5107271
A92: 91 | C92: October | D92: 23378 | E92: =D91 -> 16300 | G92: =E92-D92 -> -7078 | H92: =ABS(G92) -> 7078 | I92: =SUMSQ($G$3:G92)/(A92-1) -> 7455307.8 | J92: =SUM($H$3:H92)/(A92-1) -> 2160.6 | K92: =H92/D92 -> 0.30276328 | L92: =SUM($K$3:K92)/(A92-1) -> 0.21545253 | M92: =SUM($G$3:G92) -> -18680 | N92: =M92/J92 -> -8.6457466
A93: 92 | C93: November | D93: 16975 | E93: =D92 -> 23378 | G93: =E93-D93 -> 6403 | H93: =ABS(G93) -> 6403 | I93: =SUMSQ($G$3:G93)/(A93-1) -> 7823913.3 | J93: =SUM($H$3:H93)/(A93-1) -> 2207.2198 | K93: =H93/D93 -> 0.37720177 | L93: =SUM($K$3:K93)/(A93-1) -> 0.21723 | M93: =SUM($G$3:G93) -> -12277 | N93: =M93/J93 -> -5.562201
A94: 93 | C94: December | D94: 15135 | E94: =D93 -> 16975 | G94: =E94-D94 -> 1840 | H94: =ABS(G94) -> 1840 | I94: =SUMSQ($G$3:G94)/(A94-1) -> 7775670.8 | J94: =SUM($H$3:H94)/(A94-1) -> 2203.2283 | K94: =H94/D94 -> 0.12157251 | L94: =SUM($K$3:K94)/(A94-1) -> 0.21619024 | M94: =SUM($G$3:G94) -> -10437 | N94: =M94/J94 -> -4.7371397
A95: 94 | B95: 2011 | C95: January | D95: 19430 | E95: =D94 -> 15135 | G95: =E95-D95 -> -4295 | H95: =ABS(G95) -> 4295 | I95: =SUMSQ($G$3:G95)/(A95-1) -> 7890416.5 | J95: =SUM($H$3:H95)/(A95-1) -> 2225.7204 | K95: =H95/D95 -> 0.22104992 | L95: =SUM($K$3:K95)/(A95-1) -> 0.21624249 | M95: =SUM($G$3:G95) -> -14732 | N95: =M95/J95 -> -6.6189804
A96: 95 | C96: February | D96: 17534 | E96: =D95 -> 19430 | G96: =E96-D96 -> 1896 | H96: =ABS(G96) -> 1896 | I96: =SUMSQ($G$3:G96)/(A96-1) -> 7844718.7 | J96: =SUM($H$3:H96)/(A96-1) -> 2222.2128 | K96: =H96/D96 -> 0.10813277 | L96: =SUM($K$3:K96)/(A96-1) -> 0.21509239 | M96: =SUM($G$3:G96) -> -12836 | N96: =M96/J96 -> -5.7762246
A97: 96 | C97: March | D97: 17822 | E97: =D96 -> 17534 | G97: =E97-D97 -> -288 | H97: =ABS(G97) -> 288 | I97: =SUMSQ($G$3:G97)/(A97-1) -> 7763015.8 | J97: =SUM($H$3:H97)/(A97-1) -> 2201.8526 | K97: =H97/D97 -> 0.016159802 | L97: =SUM($K$3:K97)/(A97-1) -> 0.21299836 | M97: =SUM($G$3:G97) -> -13124 | N97: =M97/J97 -> -5.9604352
A98: 97 | C98: April | D98: 17740 | E98: =D97 -> 17822 | G98: =E98-D98 -> 82 | H98: =ABS(G98) -> 82 | I98: =SUMSQ($G$3:G98)/(A98-1) -> 7682221.1 | J98: =SUM($H$3:H98)/(A98-1) -> 2179.7708 | K98: =H98/D98 -> 0.0046223224 | L98: =SUM($K$3:K98)/(A98-1) -> 0.21082778 | M98: =SUM($G$3:G98) -> -13042 | N98: =M98/J98 -> -5.9831978
A99: 98 | C99: May | D99: 17952 | E99: =D98 -> 17740 | G99: =E99-D99 -> -212 | H99: =ABS(G99) -> 212 | I99: =SUMSQ($G$3:G99)/(A99-1) -> 7603486.2 | J99: =SUM($H$3:H99)/(A99-1) -> 2159.4845 | K99: =H99/D99 -> 0.011809269 | L99: =SUM($K$3:K99)/(A99-1) -> 0.20877604 | M99: =SUM($G$3:G99) -> -13254 | N99: =M99/J99 -> -6.1375758
A100: 99 | C100: June | D100: 21552 | E100: =D99 -> 17952 | G100: =E100-D100 -> -3600 | H100: =ABS(G100) -> 3600 | I100: =SUMSQ($G$3:G100)/(A100-1) -> 7658144.6 | J100: =SUM($H$3:H100)/(A100-1) -> 2174.1837 | K100: =H100/D100 -> 0.16703786 | L100: =SUM($K$3:K100)/(A100-1) -> 0.20835014 | M100: =SUM($G$3:G100) -> -16854 | N100: =M100/J100 -> -7.751875
...

Sheet MA (3m)
A2: #Month | B2: Year | C2: Month | D2: Demand | E2: 3 Month Moving Average | G2: Forecast error Et | H2: Absolute value At | I2: MSE | J2: MAD | K2: APE | L2: MAPE | M2: Bias | N2: TS
A3: 1 | B3: 2003 | C3: April | D3: 4698
A4: 2 | C4: May | D4: 4605
A5: 3 | C5: June | D5: 4859
A6: 4 | C6: July | D6: 4136 | E6: =SUM(D3:D5)/3 -> 4720.6667 | G6: =D6-E6 -> -584.66667 | H6: =ABS(G6) -> 584.66667 | I6: =SUMSQ($G$6:G6)/(A6-3) -> 341835.11 | J6: =SUM($H$6:H6)/(A6-3) -> 584.66667 | K6: =H6/D6 -> 0.14136041 | L6: =SUM($K$6:K6)/(A6-3) -> 0.14136041 | M6: =SUM($G$6:G6) -> -584.66667 | N6: =M6/J6 -> -1
A7: 5 | C7: August | D7: 3872 | E7: =SUM(D4:D6)/3 -> 4533.3333 | G7: =D7-E7 -> -661.33333 | H7: =ABS(G7) -> 661.33333 | I7: =SUMSQ($G$6:G7)/(A7-3) -> 389598.44 | J7: =SUM($H$6:H7)/(A7-3) -> 623 | K7: =H7/D7 -> 0.1707989 | L7: =SUM($K$6:K7)/(A7-3) -> 0.15607966 | M7: =SUM($G$6:G7) -> -1246 | N7: =M7/J7 -> -2
A8: 6 | C8: September | D8: 5938 | E8: =SUM(D5:D7)/3 -> 4289 | G8: =D8-E8 -> 1649 | H8: =ABS(G8) -> 1649 | I8: =SUMSQ($G$6:G8)/(A8-3) -> 1166132.6 | J8: =SUM($H$6:H8)/(A8-3) -> 965 | K8: =H8/D8 -> 0.27770293 | L8: =SUM($K$6:K8)/(A8-3) -> 0.19662075 | M8: =SUM($G$6:G8) -> 403 | N8: =M8/J8 -> 0.41761658
A9: 7 | C9: October | D9: 8790 | E9: =SUM(D6:D8)/3 -> 4648.6667 | G9: =D9-E9 -> 4141.3333 | H9: =ABS(G9) -> 4141.3333 | I9: =SUMSQ($G$6:G9)/(A9-3) -> 5162259.9 | J9: =SUM($H$6:H9)/(A9-3) -> 1759.0833 | K9: =H9/D9 -> 0.47114145 | L9: =SUM($K$6:K9)/(A9-3) -> 0.26525092 | M9: =SUM($G$6:G9) -> 4544.3333 | N9: =M9/J9 -> 2.5833531
A10: 8 | C10: November | D10: 6825 | E10: =SUM(D7:D9)/3 -> 6200 | G10: =D10-E10 -> 625 | H10: =ABS(G10) -> 625 | I10: =SUMSQ($G$6:G10)/(A10-3) -> 4207932.9 | J10: =SUM($H$6:H10)/(A10-3) -> 1532.2667 | K10: =H10/D10 -> 0.091575092 | L10: =SUM($K$6:K10)/(A10-3) -> 0.23051576 | M10: =SUM($G$6:G10) -> 5169.3333 | N10: =M10/J10 -> 3.3736512
A11: 9 | C11: December | D11: 4858 | E11: =SUM(D8:D10)/3 -> 7184.3333 | G11: =D11-E11 -> -2326.3333 | H11: =ABS(G11) -> 2326.3333 | I11: =SUMSQ($G$6:G11)/(A11-3) -> 4408581.9 | J11: =SUM($H$6:H11)/(A11-3) -> 1664.6111 | K11: =H11/D11 -> 0.47886647 | L11: =SUM($K$6:K11)/(A11-3) -> 0.27190754 | M11: =SUM($G$6:G11) -> 2843 | N11: =M11/J11 -> 1.7079064
A12: 10 | B12: 2004 | C12: January | D12: 5907 | E12: =SUM(D9:D11)/3 -> 6824.3333 | G12: =D12-E12 -> -917.33333 | H12: =ABS(G12) -> 917.33333 | I12: =SUMSQ($G$6:G12)/(A12-3) -> 3898998.8 | J12: =SUM($H$6:H12)/(A12-3) -> 1557.8571 | K12: =H12/D12 -> 0.15529598 | L12: =SUM($K$6:K12)/(A12-3) -> 0.25524875 | M12: =SUM($G$6:G12) -> 1925.6667 | N12: =M12/J12 -> 1.2360996
A13: 11 | C13: February | D13: 6386 | E13: =SUM(D10:D12)/3 -> 5863.3333 | G13: =D13-E13 -> 522.66667 | H13: =ABS(G13) -> 522.66667 | I13: =SUMSQ($G$6:G13)/(A13-3) -> 3445771.5 | J13: =SUM($H$6:H13)/(A13-3) -> 1428.4583 | K13: =H13/D13 -> 0.081845704 | L13: =SUM($K$6:K13)/(A13-3) -> 0.23357337 | M13: =SUM($G$6:G13) -> 2448.3333 | N13: =M13/J13 -> 1.713969
A14: 12 | C14: March | D14: 9085 | E14: =SUM(D11:D13)/3 -> 5717 | G14: =D14-E14 -> 3368 | H14: =ABS(G14) -> 3368 | I14: =SUMSQ($G$6:G14)/(A14-3) -> 4323288.5 | J14: =SUM($H$6:H14)/(A14-3) -> 1643.963 | K14: =H14/D14 -> 0.37072097 | L14: =SUM($K$6:K14)/(A14-3) -> 0.24881199 | M14: =SUM($G$6:G14) -> 5816.3333 | N14: =M14/J14 -> 3.5379954
A15: 13 | C15: April | D15: 6492 | E15: =SUM(D12:D14)/3 -> 7126 | G15: =D15-E15 -> -634 | H15: =ABS(G15) -> 634 | I15: =SUMSQ($G$6:G15)/(A15-3) -> 3931155.2 | J15: =SUM($H$6:H15)/(A15-3) -> 1542.9667 | K15: =H15/D15 -> 0.097658657 | L15: =SUM($K$6:K15)/(A15-3) -> 0.23369666 | M15: =SUM($G$6:G15) -> 5182.3333 | N15: =M15/J15 -> 3.3586813
A16: 14 | C16: May | D16: 6832 | E16: =SUM(D13:D15)/3 -> 7321 | G16: =D16-E16 -> -489 | H16: =ABS(G16) -> 489 | I16: =SUMSQ($G$6:G16)/(A16-3) -> 3595515.8 | J16: =SUM($H$6:H16)/(A16-3) -> 1447.1515 | K16: =H16/D16 -> 0.071574941 | L16: =SUM($K$6:K16)/(A16-3) -> 0.21895832 | M16: =SUM($G$6:G16) -> 4693.3333 | N16: =M16/J16 -> 3.2431527
A17: 15 | C17: June | D17: 8867 | E17: =SUM(D14:D16)/3 -> 7469.6667 | G17: =D17-E17 -> 1397.3333 | H17: =ABS(G17) -> 1397.3333 | I17: =SUMSQ($G$6:G17)/(A17-3) -> 3458601.1 | J17: =SUM($H$6:H17)/(A17-3) -> 1443 | K17: =H17/D17 -> 0.15758806 | L17: =SUM($K$6:K17)/(A17-3) -> 0.21384413 | M17: =SUM($G$6:G17) -> 6090.6667 | N17: =M17/J17 -> 4.2208362
A18: 16 | C18: July | D18: 4998 | E18: =SUM(D15:D17)/3 -> 7397 | G18: =D18-E18 -> -2399 | H18: =ABS(G18) -> 2399 | I18: =SUMSQ($G$6:G18)/(A18-3) -> 3635262.7 | J18: =SUM($H$6:H18)/(A18-3) -> 1516.5385 | K18: =H18/D18 -> 0.479992 | L18: =SUM($K$6:K18)/(A18-3) -> 0.23431704 | M18: =SUM($G$6:G18) -> 3691.6667 | N18: =M18/J18 -> 2.4342717
A19: 17 | C19: August | D19: 5305 | E19: =SUM(D16:D18)/3 -> 6899 | G19: =D19-E19 -> -1594 | H19: =ABS(G19) -> 1594 | I19: =SUMSQ($G$6:G19)/(A19-3) -> 3557089.3 | J19: =SUM($H$6:H19)/(A19-3) -> 1522.0714 | K19: =H19/D19 -> 0.30047125 | L19: =SUM($K$6:K19)/(A19-3) -> 0.23904234 | M19: =SUM($G$6:G19) -> 2097.6667 | N19: =M19/J19 -> 1.3781657
A20: 18 | C20: September | D20: 7618 | E20: =SUM(D17:D19)/3 -> 6390 | G20: =D20-E20 -> 1228 | H20: =ABS(G20) -> 1228 | I20: =SUMSQ($G$6:G20)/(A20-3) -> 3420482.3 | J20: =SUM($H$6:H20)/(A20-3) -> 1502.4667 | K20: =H20/D20 -> 0.16119716 | L20: =SUM($K$6:K20)/(A20-3) -> 0.23385267 | M20: =SUM($G$6:G20) -> 3325.6667 | N20: =M20/J20 -> 2.2134712
A21: 19 | C21: October | D21: 11443 | E21: =SUM(D18:D20)/3 -> 5973.6667 | G21: =D21-E21 -> 5469.3333 | H21: =ABS(G21) -> 5469.3333 | I21: =SUMSQ($G$6:G21)/(A21-3) -> 5076302.6 | J21: =SUM($H$6:H21)/(A21-3) -> 1750.3958 | K21: =H21/D21 -> 0.47796324 | L21: =SUM($K$6:K21)/(A21-3) -> 0.24910958 | M21: =SUM($G$6:G21) -> 8795 | N21: =M21/J21 -> 5.0245778
A22: 20 | C22: November | D22: 8716 | E22: =SUM(D19:D21)/3 -> 8122 | G22: =D22-E22 -> 594 | H22: =ABS(G22) -> 594 | I22: =SUMSQ($G$6:G22)/(A22-3) -> 4798451.6 | J22: =SUM($H$6:H22)/(A22-3) -> 1682.3725 | K22: =H22/D22 -> 0.068150528 | L22: =SUM($K$6:K22)/(A22-3) -> 0.23846493 | M22: =SUM($G$6:G22) -> 9389 | N22: =M22/J22 -> 5.5808091
A23: 21 | C23: December | D23: 6119 | E23: =SUM(D20:D22)/3 -> 9259 | G23: =D23-E23 -> -3140 | H23: =ABS(G23) -> 3140 | I23: =SUMSQ($G$6:G23)/(A23-3) -> 5079626.5 | J23: =SUM($H$6:H23)/(A23-3) -> 1763.3519 | K23: =H23/D23 -> 0.51315574 | L23: =SUM($K$6:K23)/(A23-3) -> 0.25372553 | M23: =SUM($G$6:G23) -> 6249 | N23: =M23/J23 -> 3.5438191
A24: 22 | B24: 2005 | C24: January | D24: 7408 | E24: =SUM(D21:D23)/3 -> 8759.3333 | G24: =D24-E24 -> -1351.3333 | H24: =ABS(G24) -> 1351.3333 | I24: =SUMSQ($G$6:G24)/(A24-3) -> 4908388.4 | J24: =SUM($H$6:H24)/(A24-3) -> 1741.6667 | K24: =H24/D24 -> 0.18241541 | L24: =SUM($K$6:K24)/(A24-3) -> 0.24997236 | M24: =SUM($G$6:G24) -> 4897.6667 | N24: =M24/J24 -> 2.8120574
A25: 23 | C25: February | D25: 7493 | E25: =SUM(D22:D24)/3 -> 7414.3333 | G25: =D25-E25 -> 78.666667 | H25: =ABS(G25) -> 78.666667 | I25: =SUMSQ($G$6:G25)/(A25-3) -> 4663278.4 | J25: =SUM($H$6:H25)/(A25-3) -> 1658.5167 | K25: =H25/D25 -> 0.010498688 | L25: =SUM($K$6:K25)/(A25-3) -> 0.23799868 | M25: =SUM($G$6:G25) -> 4976.3333 | N25: =M25/J25 -> 3.0004723
A26: 24 | C26: March | D26: 8541 | E26: =SUM(D23:D25)/3 -> 7006.6667 | G26: =D26-E26 -> 1534.3333 | H26: =ABS(G26) -> 1534.3333 | I26: =SUMSQ($G$6:G26)/(A26-3) -> 4553321.3 | J26: =SUM($H$6:H26)/(A26-3) -> 1652.6032 | K26: =H26/D26 -> 0.17964329 | L26: =SUM($K$6:K26)/(A26-3) -> 0.23521985 | M26: =SUM($G$6:G26) -> 6510.6667 | N26: =M26/J26 -> 3.9396431
A27: 25 | C27: April | D27: 8029 | E27: =SUM(D24:D26)/3 -> 7814 | G27: =D27-E27 -> 215 | H27: =ABS(G27) -> 215 | I27: =SUMSQ($G$6:G27)/(A27-3) -> 4348453.3 | J27: =SUM($H$6:H27)/(A27-3) -> 1587.2576 | K27: =H27/D27 -> 0.02677793 | L27: =SUM($K$6:K27)/(A27-3) -> 0.22574522 | M27: =SUM($G$6:G27) -> 6725.6667 | N27: =M27/J27 -> 4.2372875
A28: 26 | C28: May | D28: 8650 | E28: =SUM(D25:D27)/3 -> 8021 | G28: =D28-E28 -> 629 | H28: =ABS(G28) -> 629 | I28: =SUMSQ($G$6:G28)/(A28-3) -> 4176591.9 | J28: =SUM($H$6:H28)/(A28-3) -> 1545.5942 | K28: =H28/D28 -> 0.072716763 | L28: =SUM($K$6:K28)/(A28-3) -> 0.21909181 | M28: =SUM($G$6:G28) -> 7354.6667 | N28: =M28/J28 -> 4.758472
A29: 27 | C29: June | D29: 9960 | E29: =SUM(D26:D28)/3 -> 8406.6667 | G29: =D29-E29 -> 1553.3333 | H29: =ABS(G29) -> 1553.3333 | I29: =SUMSQ($G$6:G29)/(A29-3) -> 4103102.4 | J29: =SUM($H$6:H29)/(A29-3) -> 1545.9167 | K29: =H29/D29 -> 0.15595716 | L29: =SUM($K$6:K29)/(A29-3) -> 0.2164612 | M29: =SUM($G$6:G29) -> 8908 | N29: =M29/J29 -> 5.762277
A30: 28 | C30: July | D30: 7152 | E30: =SUM(D27:D29)/3 -> 8879.6667 | G30: =D30-E30 -> -1727.6667 | H30: =ABS(G30) -> 1727.6667 | I30: =SUMSQ($G$6:G30)/(A30-3) -> 4058371.6 | J30: =SUM($H$6:H30)/(A30-3) -> 1553.1867 | K30: =H30/D30 -> 0.24156413 | L30: =SUM($K$6:K30)/(A30-3) -> 0.21746531 | M30: =SUM($G$6:G30) -> 7180.3333 | N30: =M30/J30 -> 4.6229687
A31: 29 | C31: August | D31: 7322 | E31: =SUM(D28:D30)/3 -> 8587.3333 | G31: =D31-E31 -> -1265.3333 | H31: =ABS(G31) -> 1265.3333 | I31: =SUMSQ($G$6:G31)/(A31-3) -> 3963859.9 | J31: =SUM($H$6:H31)/(A31-3) -> 1542.1154 | K31: =H31/D31 -> 0.17281253 | L31: =SUM($K$6:K31)/(A31-3) -> 0.2157479 | M31: =SUM($G$6:G31) -> 5915 | N31: =M31/J31 -> 3.8356404
A32: 30 | C32: September | D32: 9239 | E32: =SUM(D29:D31)/3 -> 8144.6667 | G32: =D32-E32 -> 1094.3333 | H32: =ABS(G32) -> 1094.3333 | I32: =SUMSQ($G$6:G32)/(A32-3) -> 3861404.6 | J32: =SUM($H$6:H32)/(A32-3) -> 1525.5309 | K32: =H32/D32 -> 0.11844716 | L32: =SUM($K$6:K32)/(A32-3) -> 0.21214417 | M32: =SUM($G$6:G32) -> 7009.3333 | N32: =M32/J32 -> 4.5946847
A33: 31 | C33: October | D33: 14123 | E33: =SUM(D30:D32)/3 -> 7904.3333 | G33: =D33-E33 -> 6218.6667 | H33: =ABS(G33) -> 6218.6667 | I33: =SUMSQ($G$6:G33)/(A33-3) -> 5104633.5 | J33: =SUM($H$6:H33)/(A33-3) -> 1693.1429 | K33: =H33/D33 -> 0.44032193 | L33: =SUM($K$6:K33)/(A33-3) -> 0.22029337 | M33: =SUM($G$6:G33) -> 13228 | N33: =M33/J33 -> 7.8126898
A34: 32 | C34: November | D34: 9566 | E34: =SUM(D31:D33)/3 -> 10228 | G34: =D34-E34 -> -662 | H34: =ABS(G34) -> 662 | I34: =SUMSQ($G$6:G34)/(A34-3) -> 4943723.5 | J34: =SUM($H$6:H34)/(A34-3) -> 1657.5862 | K34: =H34/D34 -> 0.069203429 | L34: =SUM($K$6:K34)/(A34-3) -> 0.21508338 | M34: =SUM($G$6:G34) -> 12566 | N34: =M34/J34 -> 7.5809029
A35: 33 | C35: December | D35: 7341 | E35: =SUM(D32:D34)/3 -> 10976 | G35: =D35-E35 -> -3635 | H35: =ABS(G35) -> 3635 | I35: =SUMSQ($G$6:G35)/(A35-3) -> 5219373.6 | J35: =SUM($H$6:H35)/(A35-3) -> 1723.5 | K35: =H35/D35 -> 0.49516415 | L35: =SUM($K$6:K35)/(A35-3) -> 0.2244194 | M35: =SUM($G$6:G35) -> 8931 | N35: =M35/J35 -> 5.1818973
A36: 34 | B36: 2006 | C36: January | D36: 9404 | E36: =SUM(D33:D35)/3 -> 10343.333 | G36: =D36-E36 -> -939.33333 | H36: =ABS(G36) -> 939.33333 | I36: =SUMSQ($G$6:G36)/(A36-3) -> 5079469.5 | J36: =SUM($H$6:H36)/(A36-3) -> 1698.2043 | K36: =H36/D36 -> 0.099886573 | L36: =SUM($K$6:K36)/(A36-3) -> 0.22040221 | M36: =SUM($G$6:G36) -> 7991.6667 | N36: =M36/J36 -> 4.7059513
A37: 35 | C37: February | D37: 8613 | E37: =SUM(D34:D36)/3 -> 8770.3333 | G37: =D37-E37 -> -157.33333 | H37: =ABS(G37) -> 157.33333 | I37: =SUMSQ($G$6:G37)/(A37-3) -> 4921509.6 | J37: =SUM($H$6:H37)/(A37-3) -> 1650.0521 | K37: =H37/D37 -> 0.018266961 | L37: =SUM($K$6:K37)/(A37-3) -> 0.21408549 | M37: =SUM($G$6:G37) -> 7834.3333 | N37: =M37/J37 -> 4.7479309
A38: 36 | C38: March | D38: 9425 | E38: =SUM(D35:D37)/3 -> 8452.6667 | G38: =D38-E38 -> 972.33333 | H38: =ABS(G38) -> 972.33333 | I38: =SUMSQ($G$6:G38)/(A38-3) -> 4801022.4 | J38: =SUM($H$6:H38)/(A38-3) -> 1629.5152 | K38: =H38/D38 -> 0.10316534 | L38: =SUM($K$6:K38)/(A38-3) -> 0.21072427 | M38: =SUM($G$6:G38) -> 8806.6667 | N38: =M38/J38 -> 5.4044706
A39: 37 | C39: April | D39: 10905 | E39: =SUM(D36:D38)/3 -> 9147.3333 | G39: =D39-E39 -> 1757.6667 | H39: =ABS(G39) -> 1757.6667 | I39: =SUMSQ($G$6:G39)/(A39-3) -> 4750680.4 | J39: =SUM($H$6:H39)/(A39-3) -> 1633.2843 | K39: =H39/D39 -> 0.16117989 | L39: =SUM($K$6:K39)/(A39-3) -> 0.20926708 | M39: =SUM($G$6:G39) -> 10564.333 | N39: =M39/J39 -> 6.4681533
A40: 38 | C40: May | D40: 9842 | E40: =SUM(D37:D39)/3 -> 9647.6667 | G40: =D40-E40 -> 194.33333 | H40: =ABS(G40) -> 194.33333 | I40: =SUMSQ($G$6:G40)/(A40-3) -> 4616025.7 | J40: =SUM($H$6:H40)/(A40-3) -> 1592.1714 | K40: =H40/D40 -> 0.019745309 | L40: =SUM($K$6:K40)/(A40-3) -> 0.20385218 | M40: =SUM($G$6:G40) -> 10758.667 | N40: =M40/J40 -> 6.7572288
A41: 39 | C41: June | D41: 12259 | E41: =SUM(D38:D40)/3 -> 10057.333 | G41: =D41-E41 -> 2201.6667 | H41: =ABS(G41) -> 2201.6667 | I41: =SUMSQ($G$6:G41)/(A41-3) -> 4622450.9 | J41: =SUM($H$6:H41)/(A41-3) -> 1609.1019 | K41: =H41/D41 -> 0.17959594 | L41: =SUM($K$6:K41)/(A41-3) -> 0.20317839 | M41: =SUM($G$6:G41) -> 12960.333 | N41: =M41/J41 -> 8.0543897
A42: 40 | C42: July | D42: 9285 | E42: =SUM(D39:D41)/3 -> 11002 | G42: =D42-E42 -> -1717 | H42: =ABS(G42) -> 1717 | I42: =SUMSQ($G$6:G42)/(A42-3) -> 4577197.9 | J42: =SUM($H$6:H42)/(A42-3) -> 1612.018 | K42: =H42/D42 -> 0.18492192 | L42: =SUM($K$6:K42)/(A42-3) -> 0.20268497 | M42: =SUM($G$6:G42) -> 11243.333 | N42: =M42/J42 -> 6.9746946
A43: 41 | C43: August | D43: 7950 | E43: =SUM(D40:D42)/3 -> 10462 | G43: =D43-E43 -> -2512 | H43: =ABS(G43) -> 2512 | I43: =SUMSQ($G$6:G43)/(A43-3) -> 4622801.8 | J43: =SUM($H$6:H43)/(A43-3) -> 1635.7018 | K43: =H43/D43 -> 0.31597484 | L43: =SUM($K$6:K43)/(A43-3) -> 0.20566629 | M43: =SUM($G$6:G43) -> 8731.3333 | N43: =M43/J43 -> 5.3379739
A44: 42 | C44: September | D44: 11482 | E44: =SUM(D41:D43)/3 -> 9831.3333 | G44: =D44-E44 -> 1650.6667 | H44: =ABS(G44) -> 1650.6667 | I44: =SUMSQ($G$6:G44)/(A44-3) -> 4574132.5 | J44: =SUM($H$6:H44)/(A44-3) -> 1636.0855 | K44: =H44/D44 -> 0.14376125 | L44: =SUM($K$6:K44)/(A44-3) -> 0.20407898 | M44: =SUM($G$6:G44) -> 10382 | N44: =M44/J44 -> 6.3456343
A45: 43 | C45: October | D45: 15817 | E45: =SUM(D42:D44)/3 -> 9572.3333 | G45: =D45-E45 -> 6244.6667 | H45: =ABS(G45) -> 6244.6667 | I45: =SUMSQ($G$6:G45)/(A45-3) -> 5434675.7 | J45: =SUM($H$6:H45)/(A45-3) -> 1751.3 | K45: =H45/D45 -> 0.39480727 | L45: =SUM($K$6:K45)/(A45-3) -> 0.20884718 | M45: =SUM($G$6:G45) -> 16626.667 | N45: =M45/J45 -> 9.4938998
A46: 44 | C46: November | D46: 10288 | E46: =SUM(D43:D45)/3 -> 11749.667 | G46: =D46-E46 -> -1461.6667 | H46: =ABS(G46) -> 1461.6667 | I46: =SUMSQ($G$6:G46)/(A46-3) -> 5354231.7 | J46: =SUM($H$6:H46)/(A46-3) -> 1744.2358 | K46: =H46/D46 -> 0.14207491 | L46: =SUM($K$6:K46)/(A46-3) -> 0.20721859 | M46: =SUM($G$6:G46) -> 15165 | N46: =M46/J46 -> 8.6943521
A47: 45 | C47: December | D47: 8743 | E47: =SUM(D44:D46)/3 -> 12529 | G47: =D47-E47 -> -3786 | H47: =ABS(G47) -> 3786 | I47: =SUMSQ($G$6:G47)/(A47-3) -> 5568030.8 | J47: =SUM($H$6:H47)/(A47-3) -> 1792.8492 | K47: =H47/D47 -> 0.43303214 | L47: =SUM($K$6:K47)/(A47-3) -> 0.2125951 | M47: =SUM($G$6:G47) -> 11379 | N47: =M47/J47 -> 6.3468807
A48: 46 | B48: 2007 | C48: January | D48: 10419 | E48: =SUM(D45:D47)/3 -> 11616 | G48: =D48-E48 -> -1197 | H48: =ABS(G48) -> 1197 | I48: =SUMSQ($G$6:G48)/(A48-3) -> 5471862.9 | J48: =SUM($H$6:H48)/(A48-3) -> 1778.9922 | K48: =H48/D48 -> 0.11488627 | L48: =SUM($K$6:K48)/(A48-3) -> 0.21032281 | M48: =SUM($G$6:G48) -> 10182 | N48: =M48/J48 -> 5.7234651
A49: 47 | C49: February | D49: 8801 | E49: =SUM(D46:D48)/3 -> 9816.6667 | G49: =D49-E49 -> -1015.6667 | H49: =ABS(G49) -> 1015.6667 | I49: =SUMSQ($G$6:G49)/(A49-3) -> 5370947.3 | J49: =SUM($H$6:H49)/(A49-3) -> 1761.6439 | K49: =H49/D49 -> 0.11540355 | L49: =SUM($K$6:K49)/(A49-3) -> 0.20816555 | M49: =SUM($G$6:G49) -> 9166.3333 | N49: =M49/J49 -> 5.2032838
A50: 48 | C50: March | D50: 8631 | E50: =SUM(D47:D49)/3 -> 9321 | G50: =D50-E50 -> -690 | H50: =ABS(G50) -> 690 | I50: =SUMSQ($G$6:G50)/(A50-3) -> 5262172.9 | J50: =SUM($H$6:H50)/(A50-3) -> 1737.8296 | K50: =H50/D50 -> 0.079944387 | L50: =SUM($K$6:K50)/(A50-3) -> 0.20531619 | M50: =SUM($G$6:G50) -> 8476.3333 | N50: =M50/J50 -> 4.8775399
A51: 49 | C51: April | D51: 9682 | E51: =SUM(D48:D50)/3 -> 9283.6667 | G51: =D51-E51 -> 398.33333 | H51: =ABS(G51) -> 398.33333 | I51: =SUMSQ($G$6:G51)/(A51-3) -> 5151227.2 | J51: =SUM($H$6:H51)/(A51-3) -> 1708.7101 | K51: =H51/D51 -> 0.041141637 | L51: =SUM($K$6:K51)/(A51-3) -> 0.20174718 | M51: =SUM($G$6:G51) -> 8874.6667 | N51: =M51/J51 -> 5.1937812
A52: 50 | C52: May | D52: 9052 | E52: =SUM(D49:D51)/3 -> 9038 | G52: =D52-E52 -> 14 | H52: =ABS(G52) -> 14 | I52: =SUMSQ($G$6:G52)/(A52-3) -> 5041630.8 | J52: =SUM($H$6:H52)/(A52-3) -> 1672.6525 | K52: =H52/D52 -> 0.0015466195 | L52: =SUM($K$6:K52)/(A52-3) -> 0.19748759 | M52: =SUM($G$6:G52) -> 8888.6667 | N52: =M52/J52 -> 5.3141144
A53: 51 | C53: June | D53: 11477 | E53: =SUM(D50:D52)/3 -> 9121.6667 | G53: =D53-E53 -> 2355.3333 | H53: =ABS(G53) -> 2355.3333 | I53: =SUMSQ($G$6:G53)/(A53-3) -> 5052171.7 | J53: =SUM($H$6:H53)/(A53-3) -> 1686.875 | K53: =H53/D53 -> 0.20522204 | L53: =SUM($K$6:K53)/(A53-3) -> 0.19764873 | M53: =SUM($G$6:G53) -> 11244 | N53: =M53/J53 -> 6.6655798
A54: 52 | C54: July | D54: 8242 | E54: =SUM(D51:D53)/3 -> 10070.333 | G54: =D54-E54 -> -1828.3333 | H54: =ABS(G54) -> 1828.3333 | I54: =SUMSQ($G$6:G54)/(A54-3) -> 5017286.7 | J54: =SUM($H$6:H54)/(A54-3) -> 1689.7619 | K54: =H54/D54 -> 0.22183127 | L54: =SUM($K$6:K54)/(A54-3) -> 0.19814225 | M54: =SUM($G$6:G54) -> 9415.6667 | N54: =M54/J54 -> 5.5721854
A55: 53 | C55: August | D55: 7674 | E55: =SUM(D52:D54)/3 -> 9590.3333 | G55: =D55-E55 -> -1916.3333 | H55: =ABS(G55) -> 1916.3333 | I55: =SUMSQ($G$6:G55)/(A55-3) -> 4990387.6 | J55: =SUM($H$6:H55)/(A55-3) -> 1694.2933 | K55: =H55/D55 -> 0.24971766 | L55: =SUM($K$6:K55)/(A55-3) -> 0.19917376 | M55: =SUM($G$6:G55) -> 7499.3333 | N55: =M55/J55 -> 4.4262308
A56: 54 | C56: September | D56: 10339 | E56: =SUM(D53:D55)/3 -> 9131 | G56: =D56-E56 -> 1208 | H56: =ABS(G56) -> 1208 | I56: =SUMSQ($G$6:G56)/(A56-3) -> 4921149.9 | J56: =SUM($H$6:H56)/(A56-3) -> 1684.7582 | K56: =H56/D56 -> 0.11683915 | L56: =SUM($K$6:K56)/(A56-3) -> 0.19755935 | M56: =SUM($G$6:G56) -> 8707.3333 | N56: =M56/J56 -> 5.1682986
A57: 55 | C57: October | D57: 13919 | E57: =SUM(D54:D56)/3 -> 8751.6667 | G57: =D57-E57 -> 5167.3333 | H57: =ABS(G57) -> 5167.3333 | I57: =SUMSQ($G$6:G57)/(A57-3) -> 5339999.6 | J57: =SUM($H$6:H57)/(A57-3) -> 1751.7308 | K57: =H57/D57 -> 0.37124314 | L57: =SUM($K$6:K57)/(A57-3) -> 0.20089943 | M57: =SUM($G$6:G57) -> 13874.667 | N57: =M57/J57 -> 7.9205474
A58: 56 | C58: November | D58: 10531 | E58: =SUM(D55:D57)/3 -> 10644 | G58: =D58-E58 -> -113 | H58: =ABS(G58) -> 113 | I58: =SUMSQ($G$6:G58)/(A58-3) -> 5239485.8 | J58: =SUM($H$6:H58)/(A58-3) -> 1720.8113 | K58: =H58/D58 -> 0.010730225 | L58: =SUM($K$6:K58)/(A58-3) -> 0.19731133 | M58: =SUM($G$6:G58) -> 13761.667 | N58: =M58/J58 -> 7.9971967
A59: 57 | C59: December | D59: 8435 | E59: =SUM(D56:D58)/3 -> 11596.333 | G59: =D59-E59 -> -3161.3333 | H59: =ABS(G59) -> 3161.3333 | I59: =SUMSQ($G$6:G59)/(A59-3) -> 5327532.9 | J59: =SUM($H$6:H59)/(A59-3) -> 1747.4877 | K59: =H59/D59 -> 0.37478759 | L59: =SUM($K$6:K59)/(A59-3) -> 0.20059793 | M59: =SUM($G$6:G59) -> 10600.333 | N59: =M59/J59 -> 6.0660419
A60: 58 | B60: 2008 | C60: January | D60: 9750 | E60: =SUM(D57:D59)/3 -> 10961.667 | G60: =D60-E60 -> -1211.6667 | H60: =ABS(G60) -> 1211.6667 | I60: =SUMSQ($G$6:G60)/(A60-3) -> 5257362 | J60: =SUM($H$6:H60)/(A60-3) -> 1737.7455 | K60: =H60/D60 -> 0.1242735 | L60: =SUM($K$6:K60)/(A60-3) -> 0.19921021 | M60: =SUM($G$6:G60) -> 9388.6667 | N60: =M60/J60 -> 5.4027859
A61: 59 | C61: February | D61: 8477 | E61: =SUM(D58:D60)/3 -> 9572 | G61: =D61-E61 -> -1095 | H61: =ABS(G61) -> 1095 | I61: =SUMSQ($G$6:G61)/(A61-3) -> 5184891.7 | J61: =SUM($H$6:H61)/(A61-3) -> 1726.2679 | K61: =H61/D61 -> 0.12917306 | L61: =SUM($K$6:K61)/(A61-3) -> 0.19795954 | M61: =SUM($G$6:G61) -> 8293.6667 | N61: =M61/J61 -> 4.8043915
A62: 60 | C62: March | D62: 9814 | E62: =SUM(D59:D61)/3 -> 8887.3333 | G62: =D62-E62 -> 926.66667 | H62: =ABS(G62) -> 926.66667 | I62: =SUMSQ($G$6:G62)/(A62-3) -> 5108993.8 | J62: =SUM($H$6:H62)/(A62-3) -> 1712.2398 | K62: =H62/D62 -> 0.094422933 | L62: =SUM($K$6:K62)/(A62-3) -> 0.19614311 | M62: =SUM($G$6:G62) -> 9220.3333 | N62: =M62/J62 -> 5.3849546
A63: 61 | C63: April | D63: 10684 | E63: =SUM(D60:D62)/3 -> 9347 | G63: =D63-E63 -> 1337 | H63: =ABS(G63) -> 1337 | I63: =SUMSQ($G$6:G63)/(A63-3) -> 5051727.9 | J63: =SUM($H$6:H63)/(A63-3) -> 1705.7701 | K63: =H63/D63 -> 0.1251404 | L63: =SUM($K$6:K63)/(A63-3) -> 0.19491893 | M63: =SUM($G$6:G63) -> 10557.333 | N63: =M63/J63 -> 6.1891888
A64: 62 | C64: May | D64: 11693 | E64: =SUM(D61:D63)/3 -> 9658.3333 | G64: =D64-E64 -> 2034.6667 | H64: =ABS(G64) -> 2034.6667 | I64: =SUMSQ($G$6:G64)/(A64-3) -> 5036272.6 | J64: =SUM($H$6:H64)/(A64-3) -> 1711.3446 | K64: =H64/D64 -> 0.17400724 | L64: =SUM($K$6:K64)/(A64-3) -> 0.19456449 | M64: =SUM($G$6:G64) -> 12592 | N64: =M64/J64 -> 7.3579569
A65: 63 | C65: June | D65: 14439 | E65: =SUM(D62:D64)/3 -> 10730.333 | G65: =D65-E65 -> 3708.6667 | H65: =ABS(G65) -> 3708.6667 | I65: =SUMSQ($G$6:G65)/(A65-3) -> 5181571.5 | J65: =SUM($H$6:H65)/(A65-3) -> 1744.6333 | K65: =H65/D65 -> 0.25685066 | L65: =SUM($K$6:K65)/(A65-3) -> 0.1956026 | M65: =SUM($G$6:G65) -> 16300.667 | N65: =M65/J65 -> 9.3433195
A66: 64 | C66: July | D66: 9081 | E66: =SUM(D63:D65)/3 -> 12272 | G66: =D66-E66 -> -3191 | H66: =ABS(G66) -> 3191 | I66: =SUMSQ($G$6:G66)/(A66-3) -> 5263553.7 | J66: =SUM($H$6:H66)/(A66-3) -> 1768.3443 | K66: =H66/D66 -> 0.35139302 | L66: =SUM($K$6:K66)/(A66-3) -> 0.19815654 | M66: =SUM($G$6:G66) -> 13109.667 | N66: =M66/J66 -> 7.4135263
A67: 65 | C67: August | D67: 9781 | E67: =SUM(D64:D66)/3 -> 11737.667 | G67: =D67-E67 -> -1956.6667 | H67: =ABS(G67) -> 1956.6667 | I67: =SUMSQ($G$6:G67)/(A67-3) -> 5240408.4 | J67: =SUM($H$6:H67)/(A67-3) -> 1771.3817 | K67: =H67/D67 -> 0.20004771 | L67: =SUM($K$6:K67)/(A67-3) -> 0.19818704 | M67: =SUM($G$6:G67) -> 11153 | N67: =M67/J67 -> 6.2962149
A68: 66 | C68: September | D68: 10307 | E68: =SUM(D65:D67)/3 -> 11100.333 | G68: =D68-E68 -> -793.33333 | H68: =ABS(G68) -> 793.33333 | I68: =SUMSQ($G$6:G68)/(A68-3) -> 5167217.4 | J68: =SUM($H$6:H68)/(A68-3) -> 1755.8571 | K68: =H68/D68 -> 0.076970344 | L68: =SUM($K$6:K68)/(A68-3) -> 0.19626297 | M68: =SUM($G$6:G68) -> 10359.667 | N68: =M68/J68 -> 5.9000624
A69: 67 | C69: October | D69: 14800 | E69: =SUM(D66:D68)/3 -> 9723 | G69: =D69-E69 -> 5077 | H69: =ABS(G69) -> 5077 | I69: =SUMSQ($G$6:G69)/(A69-3) -> 5489228.5 | J69: =SUM($H$6:H69)/(A69-3) -> 1807.75 | K69: =H69/D69 -> 0.34304054 | L69: =SUM($K$6:K69)/(A69-3) -> 0.19855636 | M69: =SUM($G$6:G69) -> 15436.667 | N69: =M69/J69 -> 8.5391601
A70: 68 | C70: November | D70: 7960 | E70: =SUM(D67:D69)/3 -> 11629.333 | G70: =D70-E70 -> -3669.3333 | H70: =ABS(G70) -> 3669.3333 | I70: =SUMSQ($G$6:G70)/(A70-3) -> 5611917.4 | J70: =SUM($H$6:H70)/(A70-3) -> 1836.3897 | K70: =H70/D70 -> 0.46097152 | L70: =SUM($K$6:K70)/(A70-3) -> 0.20259352 | M70: =SUM($G$6:G70) -> 11767.333 | N70: =M70/J70 -> 6.4078627
A71: 69 | C71: December | D71: 6858 | E71: =SUM(D68:D70)/3 -> 11022.333 | G71: =D71-E71 -> -4164.3333 | H71: =ABS(G71) -> 4164.3333 | I71: =SUMSQ($G$6:G71)/(A71-3) -> 5789641 | J71: =SUM($H$6:H71)/(A71-3) -> 1871.6616 | K71: =H71/D71 -> 0.60722271 | L71: =SUM($K$6:K71)/(A71-3) -> 0.20872427 | M71: =SUM($G$6:G71) -> 7603 | N71: =M71/J71 -> 4.0621659
A72: 70 | B72: 2009 | C72: January | D72: 9438 | E72: =SUM(D69:D71)/3 -> 9872.6667 | G72: =D72-E72 -> -434.66667 | H72: =ABS(G72) -> 434.66667 | I72: =SUMSQ($G$6:G72)/(A72-3) -> 5706048.3 | J72: =SUM($H$6:H72)/(A72-3) -> 1850.2139 | K72: =H72/D72 -> 0.046054955 | L72: =SUM($K$6:K72)/(A72-3) -> 0.20629637 | M72: =SUM($G$6:G72) -> 7168.3333 | N72: =M72/J72 -> 3.8743268
A73: 71 | C73: February | D73: 8487 | E73: =SUM(D70:D72)/3 -> 8085.3333 | G73: =D73-E73 -> 401.66667 | H73: =ABS(G73) -> 401.66667 | I73: =SUMSQ($G$6:G73)/(A73-3) -> 5624508.5 | J73: =SUM($H$6:H73)/(A73-3) -> 1828.9118 | K73: =H73/D73 -> 0.047327285 | L73: =SUM($K$6:K73)/(A73-3) -> 0.20395859 | M73: =SUM($G$6:G73) -> 7570 | N73: =M73/J73 -> 4.1390734
A74: 72 | C74: March | D74: 10609 | E74: =SUM(D71:D73)/3 -> 8261 | G74: =D74-E74 -> 2348 | H74: =ABS(G74) -> 2348 | I74: =SUMSQ($G$6:G74)/(A74-3) -> 5622893.9 | J74: =SUM($H$6:H74)/(A74-3) -> 1836.4348 | K74: =H74/D74 -> 0.22132152 | L74: =SUM($K$6:K74)/(A74-3) -> 0.20421022 | M74: =SUM($G$6:G74) -> 9918 | N74: =M74/J74 -> 5.4006819
A75: 73 | C75: April | D75: 11282 | E75: =SUM(D72:D74)/3 -> 9511.3333 | G75: =D75-E75 -> 1770.6667 | H75: =ABS(G75) -> 1770.6667 | I75: =SUMSQ($G$6:G75)/(A75-3) -> 5587356.3 | J75: =SUM($H$6:H75)/(A75-3) -> 1835.4952 | K75: =H75/D75 -> 0.15694617 | L75: =SUM($K$6:K75)/(A75-3) -> 0.20353502 | M75: =SUM($G$6:G75) -> 11688.667 | N75: =M75/J75 -> 6.3681269
A76: 74 | C76: May | D76: 12870 | E76: =SUM(D73:D75)/3 -> 10126 | G76: =D76-E76 -> 2744 | H76: =ABS(G76) -> 2744 | I76: =SUMSQ($G$6:G76)/(A76-3) -> 5614710.9 | J76: =SUM($H$6:H76)/(A76-3) -> 1848.2911 | K76: =H76/D76 -> 0.21320901 | L76: =SUM($K$6:K76)/(A76-3) -> 0.20367128 | M76: =SUM($G$6:G76) -> 14432.667 | N76: =M76/J76 -> 7.8086546
A77: 75 | C77: June | D77: 17811 | E77: =SUM(D74:D76)/3 -> 11587 | G77: =D77-E77 -> 6224 | H77: =ABS(G77) -> 6224 | I77: =SUMSQ($G$6:G77)/(A77-3) -> 6074759.1 | J77: =SUM($H$6:H77)/(A77-3) -> 1909.0648 | K77: =H77/D77 -> 0.34944697 | L77: =SUM($K$6:K77)/(A77-3) -> 0.20569594 | M77: =SUM($G$6:G77) -> 20656.667 | N77: =M77/J77 -> 10.820307
A78: 76 | C78: July | D78: 12128 | E78: =SUM(D75:D77)/3 -> 13987.667 | G78: =D78-E78 -> -1859.6667 | H78: =ABS(G78) -> 1859.6667 | I78: =SUMSQ($G$6:G78)/(A78-3) -> 6038918 | J78: =SUM($H$6:H78)/(A78-3) -> 1908.3881 | K78: =H78/D78 -> 0.15333663 | L78: =SUM($K$6:K78)/(A78-3) -> 0.20497869 | M78: =SUM($G$6:G78) -> 18797 | N78: =M78/J78 -> 9.8496735
A79: 77 | C79: August | D79: 10161 | E79: =SUM(D76:D78)/3 -> 14269.667 | G79: =D79-E79 -> -4108.6667 | H79: =ABS(G79) -> 4108.6667 | I79: =SUMSQ($G$6:G79)/(A79-3) -> 6185434.5 | J79: =SUM($H$6:H79)/(A79-3) -> 1938.1216 | K79: =H79/D79 -> 0.40435653 | L79: =SUM($K$6:K79)/(A79-3) -> 0.20767298 | M79: =SUM($G$6:G79) -> 14688.333 | N79: =M79/J79 -> 7.5786438
A80: 78 | C80: September | D80: 16359 | E80: =SUM(D77:D79)/3 -> 13366.667 | G80: =D80-E80 -> 2992.3333 | H80: =ABS(G80) -> 2992.3333 | I80: =SUMSQ($G$6:G80)/(A80-3) -> 6222349.5 | J80: =SUM($H$6:H80)/(A80-3) -> 1952.1778 | K80: =H80/D80 -> 0.18291664 | L80: =SUM($K$6:K80)/(A80-3) -> 0.2073429 | M80: =SUM($G$6:G80) -> 17680.667 | N80: =M80/J80 -> 9.0568937
A81: 79 | C81: October | D81: 17796 | E81: =SUM(D78:D80)/3 -> 12882.667 | G81: =D81-E81 -> 4913.3333 | H81: =ABS(G81) -> 4913.3333 | I81: =SUMSQ($G$6:G81)/(A81-3) -> 6458119.2 | J81: =SUM($H$6:H81)/(A81-3) -> 1991.1404 | K81: =H81/D81 -> 0.27609201 | L81: =SUM($K$6:K81)/(A81-3) -> 0.20824749 | M81: =SUM($G$6:G81) -> 22594 | N81: =M81/J81 -> 11.347266
A82: 80 | C82: November | D82: 11604 | E82: =SUM(D79:D81)/3 -> 14772 | G82: =D82-E82 -> -3168 | H82: =ABS(G82) -> 3168 | I82: =SUMSQ($G$6:G82)/(A82-3) -> 6504588.1 | J82: =SUM($H$6:H82)/(A82-3) -> 2006.4242 | K82: =H82/D82 -> 0.27300931 | L82: =SUM($K$6:K82)/(A82-3) -> 0.20908855 | M82: =SUM($G$6:G82) -> 19426 | N82: =M82/J82 -> 9.6819006
A83: 81 | C83: December | D83: 11517 | E83: =SUM(D80:D82)/3 -> 15253 | G83: =D83-E83 -> -3736 | H83: =ABS(G83) -> 3736 | I83: =SUMSQ($G$6:G83)/(A83-3) -> 6600140.7 | J83: =SUM($H$6:H83)/(A83-3) -> 2028.5983 | K83: =H83/D83 -> 0.32439003 | L83: =SUM($K$6:K83)/(A83-3) -> 0.21056678 | M83: =SUM($G$6:G83) -> 15690 | N83: =M83/J83 -> 7.7344046
A84: 82 | B84: 2010 | C84: January | D84: 15925 | E84: =SUM(D81:D83)/3 -> 13639 | G84: =D84-E84 -> 2286 | H84: =ABS(G84) -> 2286 | I84: =SUMSQ($G$6:G84)/(A84-3) -> 6582744 | J84: =SUM($H$6:H84)/(A84-3) -> 2031.8565 | K84: =H84/D84 -> 0.14354788 | L84: =SUM($K$6:K84)/(A84-3) -> 0.20971844 | M84: =SUM($G$6:G84) -> 17976 | N84: =M84/J84 -> 8.8470813
A85: 83 | C85: February | D85: 13532 | E85: =SUM(D82:D84)/3 -> 13015.333 | G85: =D85-E85 -> 516.66667 | H85: =ABS(G85) -> 516.66667 | I85: =SUMSQ($G$6:G85)/(A85-3) -> 6503796.5 | J85: =SUM($H$6:H85)/(A85-3) -> 2012.9167 | K85: =H85/D85 -> 0.038181102 | L85: =SUM($K$6:K85)/(A85-3) -> 0.20757422 | M85: =SUM($G$6:G85) -> 18492.667 | N85: =M85/J85 -> 9.1870006
A86: 84 | C86: March | D86: 14648 | E86: =SUM(D83:D85)/3 -> 13658 | G86: =D86-E86 -> 990 | H86: =ABS(G86) -> 990 | I86: =SUMSQ($G$6:G86)/(A86-3) -> 6435602.7 | J86: =SUM($H$6:H86)/(A86-3) -> 2000.2881 | K86: =H86/D86 -> 0.067586019 | L86: =SUM($K$6:K86)/(A86-3) -> 0.20584597 | M86: =SUM($G$6:G86) -> 19482.667 | N86: =M86/J86 -> 9.7399305
A87: 85 | C87: April | D87: 15697 | E87: =SUM(D84:D86)/3 -> 14701.667 | G87: =D87-E87 -> 995.33333 | H87: =ABS(G87) -> 995.33333 | I87: =SUMSQ($G$6:G87)/(A87-3) -> 6369201.3 | J87: =SUM($H$6:H87)/(A87-3) -> 1988.0325 | K87: =H87/D87 -> 0.063409144 | L87: =SUM($K$6:K87)/(A87-3) -> 0.20410894 | M87: =SUM($G$6:G87) -> 20478 | N87: =M87/J87 -> 10.300636
A88: 86 | C88: May | D88: 16653 | E88: =SUM(D85:D87)/3 -> 14625.667 | G88: =D88-E88 -> 2027.3333 | H88: =ABS(G88) -> 2027.3333 | I88: =SUMSQ($G$6:G88)/(A88-3) -> 6341983 | J88: =SUM($H$6:H88)/(A88-3) -> 1988.506 | K88: =H88/D88 -> 0.12173983 | L88: =SUM($K$6:K88)/(A88-3) -> 0.20311654 | M88: =SUM($G$6:G88) -> 22505.333 | N88: =M88/J88 -> 11.317709
A89: 87 | C89: June | D89: 15411 | E89: =SUM(D86:D88)/3 -> 15666 | G89: =D89-E89 -> -255 | H89: =ABS(G89) -> 255 | I89: =SUMSQ($G$6:G89)/(A89-3) -> 6267257.3 | J89: =SUM($H$6:H89)/(A89-3) -> 1967.869 | K89: =H89/D89 -> 0.016546623 | L89: =SUM($K$6:K89)/(A89-3) -> 0.20089547 | M89: =SUM($G$6:G89) -> 22250.333 | N89: =M89/J89 -> 11.306816
A90: 88 | C90: July | D90: 13534 | E90: =SUM(D87:D89)/3 -> 15920.333 | G90: =D90-E90 -> -2386.3333 | H90: =ABS(G90) -> 2386.3333 | I90: =SUMSQ($G$6:G90)/(A90-3) -> 6260520 | J90: =SUM($H$6:H90)/(A90-3) -> 1972.7922 | K90: =H90/D90 -> 0.17632136 | L90: =SUM($K$6:K90)/(A90-3) -> 0.20060636 | M90: =SUM($G$6:G90) -> 19864 | N90: =M90/J90 -> 10.068978
A91: 89 | C91: August | D91: 12454 | E91: =SUM(D88:D90)/3 -> 15199.333 | G91: =D91-E91 -> -2745.3333 | H91: =ABS(G91) -> 2745.3333 | I91: =SUMSQ($G$6:G91)/(A91-3) -> 6275361.1 | J91: =SUM($H$6:H91)/(A91-3) -> 1981.7752 | K91: =H91/D91 -> 0.22043788 | L91: =SUM($K$6:K91)/(A91-3) -> 0.20083696 | M91: =SUM($G$6:G91) -> 17118.667 | N91: =M91/J91 -> 8.6380467
A92: 90 | C92: September | D92: 16300 | E92: =SUM(D89:D91)/3 -> 13799.667 | G92: =D92-E92 -> 2500.3333 | H92: =ABS(G92) -> 2500.3333 | I92: =SUMSQ($G$6:G92)/(A92-3) -> 6275088.7 | J92: =SUM($H$6:H92)/(A92-3) -> 1987.7356 | K92: =H92/D92 -> 0.15339468 | L92: =SUM($K$6:K92)/(A92-3) -> 0.20029165 | M92: =SUM($G$6:G92) -> 19619 | N92: =M92/J92 -> 9.8700248
A93: 91 | C93: October | D93: 23378 | E93: =SUM(D90:D92)/3 -> 14096 | G93: =D93-E93 -> 9282 | H93: =ABS(G93) -> 9282 | I93: =SUMSQ($G$6:G93)/(A93-3) -> 7182821 | J93: =SUM($H$6:H93)/(A93-3) -> 2070.625 | K93: =H93/D93 -> 0.39703995 | L93: =SUM($K$6:K93)/(A93-3) -> 0.20252742 | M93: =SUM($G$6:G93) -> 28901 | N93: =M93/J93 -> 13.957621
A94: 92 | C94: November | D94: 16975 | E94: =SUM(D91:D93)/3 -> 17377.333 | G94: =D94-E94 -> -402.33333 | H94: =ABS(G94) -> 402.33333 | I94: =SUMSQ($G$6:G94)/(A94-3) -> 7103933.9 | J94: =SUM($H$6:H94)/(A94-3) -> 2051.8801 | K94: =H94/D94 -> 0.023701522 | L94: =SUM($K$6:K94)/(A94-3) -> 0.20051814 | M94: =SUM($G$6:G94) -> 28498.667 | N94: =M94/J94 -> 13.88905
A95: 93 | C95: December | D95: 15135 | E95: =SUM(D92:D94)/3 -> 18884.333 | G95: =D95-E95 -> -3749.3333 | H95: =ABS(G95) -> 3749.3333 | I95: =SUMSQ($G$6:G95)/(A95-3) -> 7181195.7 | J95: =SUM($H$6:H95)/(A95-3) -> 2070.7407 | K95: =H95/D95 -> 0.24772602 | L95: =SUM($K$6:K95)/(A95-3) -> 0.20104267 | M95: =SUM($G$6:G95) -> 24749.333 | N95: =M95/J95 -> 11.951923
A96: 94 | B96: 2011 | C96: January | D96: 19430 | E96: =SUM(D93:D95)/3 -> 18496 | G96: =D96-E96 -> 934 | H96: =ABS(G96) -> 934 | I96: =SUMSQ($G$6:G96)/(A96-3) -> 7111867.8 | J96: =SUM($H$6:H96)/(A96-3) -> 2058.2491 | K96: =H96/D96 -> 0.048069995 | L96: =SUM($K$6:K96)/(A96-3) -> 0.19936166 | M96: =SUM($G$6:G96) -> 25683.333 | N96: =M96/J96 -> 12.478244
A97: 95 | C97: February | D97: 17534 | E97: =SUM(D94:D96)/3 -> 17180 | G97: =D97-E97 -> 354 | H97: =ABS(G97) -> 354 | I97: =SUMSQ($G$6:G97)/(A97-3) -> 7035927 | J97: =SUM($H$6:H97)/(A97-3) -> 2039.7246 | K97: =H97/D97 -> 0.020189346 | L97: =SUM($K$6:K97)/(A97-3) -> 0.19741413 | M97: =SUM($G$6:G97) -> 26037.333 | N97: =M97/J97 -> 12.765122
A98: 96 | C98: March | D98: 17822 | E98: =SUM(D95:D97)/3 -> 17366.333 | G98: =D98-E98 -> 455.66667 | H98: =ABS(G98) -> 455.66667 | I98: =SUMSQ($G$6:G98)/(A98-3) -> 6962504.5 | J98: =SUM($H$6:H98)/(A98-3) -> 2022.6918 | K98: =H98/D98 -> 0.02556765 | L98: =SUM($K$6:K98)/(A98-3) -> 0.19556632 | M98: =SUM($G$6:G98) -> 26493 | N98: =M98/J98 -> 13.097893
A99: 97 | C99: April | D99: 17740 | E99: =SUM(D96:D98)/3 -> 18262 | G99: =D99-E99 -> -522 | H99: =ABS(G99) -> 522 | I99: =SUMSQ($G$6:G99)/(A99-3) -> 6891334.1 | J99: =SUM($H$6:H99)/(A99-3) -> 2006.727 | K99: =H99/D99 -> 0.029425028 | L99: =SUM($K$6:K99)/(A99-3) -> 0.19379886 | M99: =SUM($G$6:G99) -> 25971 | N99: =M99/J99 -> 12.94197
A100: 98 | C100: May | D100: 17952 | E100: =SUM(D97:D99)/3 -> 17698.667 | G100: =D100-E100 -> 253.33333 | H100: =ABS(G100) -> 253.33333 | I100: =SUMSQ($G$6:G100)/(A100-3) -> 6819469.3 | J100: =SUM($H$6:H100)/(A100-3) -> 1988.2702 | K100: =H100/D100 -> 0.014111705 | L100: =SUM($K$6:K100)/(A100-3) -> 0.19190741 | M100: =SUM($G$6:G100) -> 26224.333 | N100: =M100/J100 -> 13.189522
A101: 99 | C101: June | D101: 21552 | E101: =SUM(D98:D100)/3 -> 17838 | G101: =D101-E101 -> 3714 | H101: =ABS(G101) -> 3714 | I101: =SUMSQ($G$6:G101)/(A101-3) -> 6892118.5 | J101: =SUM($H$6:H101)/(A101-3) -> 2006.2465 | K101: =H101/D101 -> 0.17232739 | L101: =SUM($K$6:K101)/(A101-3) -> 0.19170346 | M101: =SUM($G$6:G101) -> 29938.333 | N101: =M101/J101 -> 14.92256
...

Sheet MA (4m)
A2: #Month | B2: Year | C2: Month | D2: Actual Demand | E2: 4 Month Moving Average | G2: Forecast error | H2: Absolute value | I2: MSE | J2: MAD | K2: %FE | L2: MAPE | M2: Bias | N2: TS
A3: 1 | B3: 2003 | C3: April | D3: 4698
A4: 2 | C4: May | D4: 4605
A5: 3 | C5: June | D5: 4859
A6: 4 | C6: July | D6: 4136
A7: 5 | C7: August | D7: 3872 | E7: =SUM(D3:D6)/4 -> 4574.5 | G7: =D7-E7 -> -702.5 | H7: =ABS(G7) -> 702.5 | I7: =SUMSQ($G$7:G7)/(A7-4) -> 493506.25 | J7: =SUM($H$7:H7)/(A7-4) -> 702.5 | K7: =H7/D7 -> 0.18143079 | L7: =SUM($K$7:K7)/(A7-4) -> 0.18143079 | M7: =SUM($G$7:G7) -> -702.5 | N7: =M7/J7 -> -1
A8: 6 | C8: September | D8: 5938 | E8: =SUM(D4:D7)/4 -> 4368 | G8: =D8-E8 -> 1570 | H8: =ABS(G8) -> 1570 | I8: =SUMSQ($G$7:G8)/(A8-4) -> 1479203.1 | J8: =SUM($H$7:H8)/(A8-4) -> 1136.25 | K8: =H8/D8 -> 0.26439879 | L8: =SUM($K$7:K8)/(A8-4) -> 0.22291479 | M8: =SUM($G$7:G8) -> 867.5 | N8: =M8/J8 -> 0.76347635
A9: 7 | C9: October | D9: 8790 | E9: =SUM(D5:D8)/4 -> 4701.25 | G9: =D9-E9 -> 4088.75 | H9: =ABS(G9) -> 4088.75 | I9: =SUMSQ($G$7:G9)/(A9-4) -> 6558760.9 | J9: =SUM($H$7:H9)/(A9-4) -> 2120.4167 | K9: =H9/D9 -> 0.46515927 | L9: =SUM($K$7:K9)/(A9-4) -> 0.30366295 | M9: =SUM($G$7:G9) -> 4956.25 | N9: =M9/J9 -> 2.3373944
A10: 8 | C10: November | D10: 6825 | E10: =SUM(D6:D9)/4 -> 5684 | G10: =D10-E10 -> 1141 | H10: =ABS(G10) -> 1141 | I10: =SUMSQ($G$7:G10)/(A10-4) -> 5244541 | J10: =SUM($H$7:H10)/(A10-4) -> 1875.5625 | K10: =H10/D10 -> 0.16717949 | L10: =SUM($K$7:K10)/(A10-4) -> 0.26954208 | M10: =SUM($G$7:G10) -> 6097.25 | N10: =M10/J10 -> 3.2508914
A11: 9 | C11: December | D11: 4858 | E11: =SUM(D7:D10)/4 -> 6356.25 | G11: =D11-E11 -> -1498.25 | H11: =ABS(G11) -> 1498.25 | I11: =SUMSQ($G$7:G11)/(A11-4) -> 4644583.4 | J11: =SUM($H$7:H11)/(A11-4) -> 1800.1 | K11: =H11/D11 -> 0.30840881 | L11: =SUM($K$7:K11)/(A11-4) -> 0.27731543 | M11: =SUM($G$7:G11) -> 4599 | N11: =M11/J11 -> 2.5548581
A12: 10 | B12: 2004 | C12: January | D12: 5907 | E12: =SUM(D8:D11)/4 -> 6602.75 | G12: =D12-E12 -> -695.75 | H12: =ABS(G12) -> 695.75 | I12: =SUMSQ($G$7:G12)/(A12-4) -> 3951164.2 | J12: =SUM($H$7:H12)/(A12-4) -> 1616.0417 | K12: =H12/D12 -> 0.11778399 | L12: =SUM($K$7:K12)/(A12-4) -> 0.25072685 | M12: =SUM($G$7:G12) -> 3903.25 | N12: =M12/J12 -> 2.4153152
A13: 11 | C13: February | D13: 6386 | E13: =SUM(D9:D12)/4 -> 6595 | G13: =D13-E13 -> -209 | H13: =ABS(G13) -> 209 | I13: =SUMSQ($G$7:G13)/(A13-4) -> 3392952.3 | J13: =SUM($H$7:H13)/(A13-4) -> 1415.0357 | K13: =H13/D13 -> 0.032727842 | L13: =SUM($K$7:K13)/(A13-4) -> 0.21958414 | M13: =SUM($G$7:G13) -> 3694.25 | N13: =M13/J13 -> 2.6107115
A14: 12 | C14: March | D14: 9085 | E14: =SUM(D10:D13)/4 -> 5994 | G14: =D14-E14 -> 3091 | H14: =ABS(G14) -> 3091 | I14: =SUMSQ($G$7:G14)/(A14-4) -> 4163118.4 | J14: =SUM($H$7:H14)/(A14-4) -> 1624.5312 | K14: =H14/D14 -> 0.34023115 | L14: =SUM($K$7:K14)/(A14-4) -> 0.23466501 | M14: =SUM($G$7:G14) -> 6785.25 | N14: =M14/J14 -> 4.1767433
A15: 13 | C15: April | D15: 6492 | E15: =SUM(D11:D14)/4 -> 6559 | G15: =D15-E15 -> -67 | H15: =ABS(G15) -> 67 | I15: =SUMSQ($G$7:G15)/(A15-4) -> 3701048.4 | J15: =SUM($H$7:H15)/(A15-4) -> 1451.4722 | K15: =H15/D15 -> 0.010320394 | L15: =SUM($K$7:K15)/(A15-4) -> 0.20973783 | M15: =SUM($G$7:G15) -> 6718.25 | N15: =M15/J15 -> 4.6285763
A16: 14 | C16: May | D16: 6832 | E16: =SUM(D12:D15)/4 -> 6967.5 | G16: =D16-E16 -> -135.5 | H16: =ABS(G16) -> 135.5 | I16: =SUMSQ($G$7:G16)/(A16-4) -> 3332779.6 | J16: =SUM($H$7:H16)/(A16-4) -> 1319.875 | K16: =H16/D16 -> 0.019833138 | L16: =SUM($K$7:K16)/(A16-4) -> 0.19074737 | M16: =SUM($G$7:G16) -> 6582.75 | N16: =M16/J16 -> 4.9874041
A17: 15 | C17: June | D17: 8867 | E17: =SUM(D13:D16)/4 -> 7198.75 | G17: =D17-E17 -> 1668.25 | H17: =ABS(G17) -> 1668.25 | I17: =SUMSQ($G$7:G17)/(A17-4) -> 3282804.9 | J17: =SUM($H$7:H17)/(A17-4) -> 1351.5455 | K17: =H17/D17 -> 0.18814142 | L17: =SUM($K$7:K17)/(A17-4) -> 0.19051046 | M17: =SUM($G$7:G17) -> 8251 | N17: =M17/J17 -> 6.1048631
A18: 16 | C18: July | D18: 4998 | E18: =SUM(D14:D17)/4 -> 7819 | G18: =D18-E18 -> -2821 | H18: =ABS(G18) -> 2821 | I18: =SUMSQ($G$7:G18)/(A18-4) -> 3672407.9 | J18: =SUM($H$7:H18)/(A18-4) -> 1474 | K18: =H18/D18 -> 0.56442577 | L18: =SUM($K$7:K18)/(A18-4) -> 0.22167007 | M18: =SUM($G$7:G18) -> 5430 | N18: =M18/J18 -> 3.6838535
A19: 17 | C19: August | D19: 5305 | E19: =SUM(D15:D18)/4 -> 6797.25 | G19: =D19-E19 -> -1492.25 | H19: =ABS(G19) -> 1492.25 | I19: =SUMSQ($G$7:G19)/(A19-4) -> 3561208.1 | J19: =SUM($H$7:H19)/(A19-4) -> 1475.4038 | K19: =H19/D19 -> 0.28129123 | L19: =SUM($K$7:K19)/(A19-4) -> 0.22625631 | M19: =SUM($G$7:G19) -> 3937.75 | N19: =M19/J19 -> 2.6689303
A20: 18 | C20: September | D20: 7618 | E20: =SUM(D16:D19)/4 -> 6500.5 | G20: =D20-E20 -> 1117.5 | H20: =ABS(G20) -> 1117.5 | I20: =SUMSQ($G$7:G20)/(A20-4) -> 3396036.5 | J20: =SUM($H$7:H20)/(A20-4) -> 1449.8393 | K20: =H20/D20 -> 0.14669205 | L20: =SUM($K$7:K20)/(A20-4) -> 0.22057315 | M20: =SUM($G$7:G20) -> 5055.25 | N20: =M20/J20 -> 3.4867658
A21: 19 | C21: October | D21: 11443 | E21: =SUM(D17:D20)/4 -> 6697 | G21: =D21-E21 -> 4746 | H21: =ABS(G21) -> 4746 | I21: =SUMSQ($G$7:G21)/(A21-4) -> 4671268.5 | J21: =SUM($H$7:H21)/(A21-4) -> 1669.5833 | K21: =H21/D21 -> 0.41475138 | L21: =SUM($K$7:K21)/(A21-4) -> 0.23351837 | M21: =SUM($G$7:G21) -> 9801.25 | N21: =M21/J21 -> 5.8704767
A22: 20 | C22: November | D22: 8716 | E22: =SUM(D18:D21)/4 -> 7341 | G22: =D22-E22 -> 1375 | H22: =ABS(G22) -> 1375 | I22: =SUMSQ($G$7:G22)/(A22-4) -> 4497478.3 | J22: =SUM($H$7:H22)/(A22-4) -> 1651.1719 | K22: =H22/D22 -> 0.15775585 | L22: =SUM($K$7:K22)/(A22-4) -> 0.22878321 | M22: =SUM($G$7:G22) -> 11176.25 | N22: =M22/J22 -> 6.7686775
A23: 21 | C23: December | D23: 6119 | E23: =SUM(D19:D22)/4 -> 8270.5 | G23: =D23-E23 -> -2151.5 | H23: =ABS(G23) -> 2151.5 | I23: =SUMSQ($G$7:G23)/(A23-4) -> 4505212 | J23: =SUM($H$7:H23)/(A23-4) -> 1680.6029 | K23: =H23/D23 -> 0.35160974 | L23: =SUM($K$7:K23)/(A23-4) -> 0.2360083 | M23: =SUM($G$7:G23) -> 9024.75 | N23: =M23/J23 -> 5.3699478
A24: 22 | B24: 2005 | C24: January | D24: 7408 | E24: =SUM(D20:D23)/4 -> 8474 | G24: =D24-E24 -> -1066 | H24: =ABS(G24) -> 1066 | I24: =SUMSQ($G$7:G24)/(A24-4) -> 4318053.4 | J24: =SUM($H$7:H24)/(A24-4) -> 1646.4583 | K24: =H24/D24 -> 0.14389849 | L24: =SUM($K$7:K24)/(A24-4) -> 0.23089109 | M24: =SUM($G$7:G24) -> 7958.75 | N24: =M24/J24 -> 4.8338606
A25: 23 | C25: February | D25: 7493 | E25: =SUM(D21:D24)/4 -> 8421.5 | G25: =D25-E25 -> -928.5 | H25: =ABS(G25) -> 928.5 | I25: =SUMSQ($G$7:G25)/(A25-4) -> 4136161.7 | J25: =SUM($H$7:H25)/(A25-4) -> 1608.6711 | K25: =H25/D25 -> 0.12391565 | L25: =SUM($K$7:K25)/(A25-4) -> 0.2252608 | M25: =SUM($G$7:G25) -> 7030.25 | N25: =M25/J25 -> 4.3702222
A26: 24 | C26: March | D26: 8541 | E26: =SUM(D22:D25)/4 -> 7434 | G26: =D26-E26 -> 1107 | H26: =ABS(G26) -> 1107 | I26: =SUMSQ($G$7:G26)/(A26-4) -> 3990626.1 | J26: =SUM($H$7:H26)/(A26-4) -> 1583.5875 | K26: =H26/D26 -> 0.12961012 | L26: =SUM($K$7:K26)/(A26-4) -> 0.22047827 | M26: =SUM($G$7:G26) -> 8137.25 | N26: =M26/J26 -> 5.1384909
A27: 25 | C27: April | D27: 8029 | E27: =SUM(D23:D26)/4 -> 7390.25 | G27: =D27-E27 -> 638.75 | H27: =ABS(G27) -> 638.75 | I27: =SUMSQ($G$7:G27)/(A27-4) -> 3820024.9 | J27: =SUM($H$7:H27)/(A27-4) -> 1538.5952 | K27: =H27/D27 -> 0.079555362 | L27: =SUM($K$7:K27)/(A27-4) -> 0.21376765 | M27: =SUM($G$7:G27) -> 8776 | N27: =M27/J27 -> 5.7039043
A28: 26 | C28: May | D28: 8650 | E28: =SUM(D24:D27)/4 -> 7867.75 | G28: =D28-E28 -> 782.25 | H28: =ABS(G28) -> 782.25 | I28: =SUMSQ($G$7:G28)/(A28-4) -> 3674201.8 | J28: =SUM($H$7:H28)/(A28-4) -> 1504.2159 | K28: =H28/D28 -> 0.090433526 | L28: =SUM($K$7:K28)/(A28-4) -> 0.20816156 | M28: =SUM($G$7:G28) -> 9558.25 | N28: =M28/J28 -> 6.3543072
A29: 27 | C29: June | D29: 9960 | E29: =SUM(D25:D28)/4 -> 8178.25 | G29: =D29-E29 -> 1781.75 | H29: =ABS(G29) -> 1781.75 | I29: =SUMSQ($G$7:G29)/(A29-4) -> 3652481.4 | J29: =SUM($H$7:H29)/(A29-4) -> 1516.2826 | K29: =H29/D29 -> 0.17889056 | L29: =SUM($K$7:K29)/(A29-4) -> 0.2068889 | M29: =SUM($G$7:G29) -> 11340 | N29: =M29/J29 -> 7.4788169
A30: 28 | C30: July | D30: 7152 | E30: =SUM(D26:D29)/4 -> 8795 | G30: =D30-E30 -> -1643 | H30: =ABS(G30) -> 1643 | I30: =SUMSQ($G$7:G30)/(A30-4) -> 3612771.7 | J30: =SUM($H$7:H30)/(A30-4) -> 1521.5625 | K30: =H30/D30 -> 0.22972595 | L30: =SUM($K$7:K30)/(A30-4) -> 0.20784045 | M30: =SUM($G$7:G30) -> 9697 | N30: =M30/J30 -> 6.373054
A31: 29 | C31: August | D31: 7322 | E31: =SUM(D27:D30)/4 -> 8447.75 | G31: =D31-E31 -> -1125.75 | H31: =ABS(G31) -> 1125.75 | I31: =SUMSQ($G$7:G31)/(A31-4) -> 3518953.4 | J31: =SUM($H$7:H31)/(A31-4) -> 1505.73 | K31: =H31/D31 -> 0.15374898 | L31: =SUM($K$7:K31)/(A31-4) -> 0.20567679 | M31: =SUM($G$7:G31) -> 8571.25 | N31: =M31/J31 -> 5.6924216
A32: 30 | C32: September | D32: 9239 | E32: =SUM(D28:D31)/4 -> 8271 | G32: =D32-E32 -> 968 | H32: =ABS(G32) -> 968 | I32: =SUMSQ($G$7:G32)/(A32-4) -> 3419648.4 | J32: =SUM($H$7:H32)/(A32-4) -> 1485.0481 | K32: =H32/D32 -> 0.10477324 | L32: =SUM($K$7:K32)/(A32-4) -> 0.20179588 | M32: =SUM($G$7:G32) -> 9539.25 | N32: =M32/J32 -> 6.4235294
A33: 31 | C33: October | D33: 14123 | E33: =SUM(D29:D32)/4 -> 8418.25 | G33: =D33-E33 -> 5704.75 | H33: =ABS(G33) -> 5704.75 | I33: =SUMSQ($G$7:G33)/(A33-4) -> 4498334.5 | J33: =SUM($H$7:H33)/(A33-4) -> 1641.3333 | K33: =H33/D33 -> 0.4039333 | L33: =SUM($K$7:K33)/(A33-4) -> 0.20928245 | M33: =SUM($G$7:G33) -> 15244 | N33: =M33/J33 -> 9.2875711
A34: 32 | C34: November | D34: 9566 | E34: =SUM(D30:D33)/4 -> 9459 | G34: =D34-E34 -> 107 | H34: =ABS(G34) -> 107 | I34: =SUMSQ($G$7:G34)/(A34-4) -> 4338088.5 | J34: =SUM($H$7:H34)/(A34-4) -> 1586.5357 | K34: =H34/D34 -> 0.011185448 | L34: =SUM($K$7:K34)/(A34-4) -> 0.20220756 | M34: =SUM($G$7:G34) -> 15351 | N34: =M34/J34 -> 9.6757986
A35: 33 | C35: December | D35: 7341 | E35: =SUM(D31:D34)/4 -> 10062.5 | G35: =D35-E35 -> -2721.5 | H35: =ABS(G35) -> 2721.5 | I35: =SUMSQ($G$7:G35)/(A35-4) -> 4443898 | J35: =SUM($H$7:H35)/(A35-4) -> 1625.6724 | K35: =H35/D35 -> 0.37072606 | L35: =SUM($K$7:K35)/(A35-4) -> 0.20801854 | M35: =SUM($G$7:G35) -> 12629.5 | N35: =M35/J35 -> 7.7687853
A36: 34 | B36: 2006 | C36: January | D36: 9404 | E36: =SUM(D32:D35)/4 -> 10067.25 | G36: =D36-E36 -> -663.25 | H36: =ABS(G36) -> 663.25 | I36: =SUMSQ($G$7:G36)/(A36-4) -> 4310431.4 | J36: =SUM($H$7:H36)/(A36-4) -> 1593.5917 | K36: =H36/D36 -> 0.070528499 | L36: =SUM($K$7:K36)/(A36-4) -> 0.20343554 | M36: =SUM($G$7:G36) -> 11966.25 | N36: =M36/J36 -> 7.5089813
A37: 35 | C37: February | D37: 8613 | E37: =SUM(D33:D36)/4 -> 10108.5 | G37: =D37-E37 -> -1495.5 | H37: =ABS(G37) -> 1495.5 | I37: =SUMSQ($G$7:G37)/(A37-4) -> 4243531 | J37: =SUM($H$7:H37)/(A37-4) -> 1590.4274 | K37: =H37/D37 -> 0.17363288 | L37: =SUM($K$7:K37)/(A37-4) -> 0.20247417 | M37: =SUM($G$7:G37) -> 10470.75 | N37: =M37/J37 -> 6.5836076
A38: 36 | C38: March | D38: 9425 | E38: =SUM(D34:D37)/4 -> 8731 | G38: =D38-E38 -> 694 | H38: =ABS(G38) -> 694 | I38: =SUMSQ($G$7:G38)/(A38-4) -> 4125971.8 | J38: =SUM($H$7:H38)/(A38-4) -> 1562.4141 | K38: =H38/D38 -> 0.073633952 | L38: =SUM($K$7:K38)/(A38-4) -> 0.19844791 | M38: =SUM($G$7:G38) -> 11164.75 | N38: =M38/J38 -> 7.145833
A39: 37 | C39: April | D39: 10905 | E39: =SUM(D35:D38)/4 -> 8695.75 | G39: =D39-E39 -> 2209.25 | H39: =ABS(G39) -> 2209.25 | I39: =SUMSQ($G$7:G39)/(A39-4) -> 4148845 | J39: =SUM($H$7:H39)/(A39-4) -> 1582.0152 | K39: =H39/D39 -> 0.20259055 | L39: =SUM($K$7:K39)/(A39-4) -> 0.19857344 | M39: =SUM($G$7:G39) -> 13374 | N39: =M39/J39 -> 8.4537749
A40: 38 | C40: May | D40: 9842 | E40: =SUM(D36:D39)/4 -> 9586.75 | G40: =D40-E40 -> 255.25 | H40: =ABS(G40) -> 255.25 | I40: =SUMSQ($G$7:G40)/(A40-4) -> 4028736.4 | J40: =SUM($H$7:H40)/(A40-4) -> 1542.9926 | K40: =H40/D40 -> 0.025934769 | L40: =SUM($K$7:K40)/(A40-4) -> 0.19349584 | M40: =SUM($G$7:G40) -> 13629.25 | N40: =M40/J40 -> 8.8329974
A41: 39 | C41: June | D41: 12259 | E41: =SUM(D37:D40)/4 -> 9696.25 | G41: =D41-E41 -> 2562.75 | H41: =ABS(G41) -> 2562.75 | I41: =SUMSQ($G$7:G41)/(A41-4) -> 4101277.8 | J41: =SUM($H$7:H41)/(A41-4) -> 1572.1286 | K41: =H41/D41 -> 0.20905049 | L41: =SUM($K$7:K41)/(A41-4) -> 0.19394026 | M41: =SUM($G$7:G41) -> 16192 | N41: =M41/J41 -> 10.299412
A42: 40 | C42: July | D42: 9285 | E42: =SUM(D38:D41)/4 -> 10607.75 | G42: =D42-E42 -> -1322.75 | H42: =ABS(G42) -> 1322.75 | I42: =SUMSQ($G$7:G42)/(A42-4) -> 4035955.3 | J42: =SUM($H$7:H42)/(A42-4) -> 1565.2014 | K42: =H42/D42 -> 0.14246096 | L42: =SUM($K$7:K42)/(A42-4) -> 0.19251027 | M42: =SUM($G$7:G42) -> 14869.25 | N42: =M42/J42 -> 9.4998957
A43: 41 | C43: August | D43: 7950 | E43: =SUM(D39:D42)/4 -> 10572.75 | G43: =D43-E43 -> -2622.75 | H43: =ABS(G43) -> 2622.75 | I43: =SUMSQ($G$7:G43)/(A43-4) -> 4112789.4 | J43: =SUM($H$7:H43)/(A43-4) -> 1593.7838 | K43: =H43/D43 -> 0.32990566 | L43: =SUM($K$7:K43)/(A43-4) -> 0.19622366 | M43: =SUM($G$7:G43) -> 12246.5 | N43: =M43/J43 -> 7.6839156
A44: 42 | C44: September | D44: 11482 | E44: =SUM(D40:D43)/4 -> 9834 | G44: =D44-E44 -> 1648 | H44: =ABS(G44) -> 1648 | I44: =SUMSQ($G$7:G44)/(A44-4) -> 4076029.3 | J44: =SUM($H$7:H44)/(A44-4) -> 1595.2105 | K44: =H44/D44 -> 0.143529 | L44: =SUM($K$7:K44)/(A44-4) -> 0.19483696 | M44: =SUM($G$7:G44) -> 13894.5 | N44: =M44/J44 -> 8.7101356
A45: 43 | C45: October | D45: 15817 | E45: =SUM(D41:D44)/4 -> 10244 | G45: =D45-E45 -> 5573 | H45: =ABS(G45) -> 5573 | I45: =SUMSQ($G$7:G45)/(A45-4) -> 4767883.1 | J45: =SUM($H$7:H45)/(A45-4) -> 1697.2051 | K45: =H45/D45 -> 0.35234242 | L45: =SUM($K$7:K45)/(A45-4) -> 0.19887556 | M45: =SUM($G$7:G45) -> 19467.5 | N45: =M45/J45 -> 11.470328
A46: 44 | C46: November | D46: 10288 | E46: =SUM(D42:D45)/4 -> 11133.5 | G46: =D46-E46 -> -845.5 | H46: =ABS(G46) -> 845.5 | I46: =SUMSQ($G$7:G46)/(A46-4) -> 4666557.8 | J46: =SUM($H$7:H46)/(A46-4) -> 1675.9125 | K46: =H46/D46 -> 0.082183126 | L46: =SUM($K$7:K46)/(A46-4) -> 0.19595825 | M46: =SUM($G$7:G46) -> 18622 | N46: =M46/J46 -> 11.111559
A47: 45 | C47: December | D47: 8743 | E47: =SUM(D43:D46)/4 -> 11384.25 | G47: =D47-E47 -> -2641.25 | H47: =ABS(G47) -> 2641.25 | I47: =SUMSQ($G$7:G47)/(A47-4) -> 4722890.6 | J47: =SUM($H$7:H47)/(A47-4) -> 1699.4573 | K47: =H47/D47 -> 0.30209882 | L47: =SUM($K$7:K47)/(A47-4) -> 0.19854705 | M47: =SUM($G$7:G47) -> 15980.75 | N47: =M47/J47 -> 9.403443
A48: 46 | B48: 2007 | C48: January | D48: 10419 | E48: =SUM(D44:D47)/4 -> 11582.5 | G48: =D48-E48 -> -1163.5 | H48: =ABS(G48) -> 1163.5 | I48: =SUMSQ($G$7:G48)/(A48-4) -> 4642672.5 | J48: =SUM($H$7:H48)/(A48-4) -> 1686.6964 | K48: =H48/D48 -> 0.11167099 | L48: =SUM($K$7:K48)/(A48-4) -> 0.19647857 | M48: =SUM($G$7:G48) -> 14817.25 | N48: =M48/J48 -> 8.7847758
A49: 47 | C49: February | D49: 8801 | E49: =SUM(D45:D48)/4 -> 11316.75 | G49: =D49-E49 -> -2515.75 | H49: =ABS(G49) -> 2515.75 | I49: =SUMSQ($G$7:G49)/(A49-4) -> 4681889.4 | J49: =SUM($H$7:H49)/(A49-4) -> 1705.9767 | K49: =H49/D49 -> 0.2858482 | L49: =SUM($K$7:K49)/(A49-4) -> 0.19855693 | M49: =SUM($G$7:G49) -> 12301.5 | N49: =M49/J49 -> 7.2108251
A50: 48 | C50: March | D50: 8631 | E50: =SUM(D46:D49)/4 -> 9562.75 | G50: =D50-E50 -> -931.75 | H50: =ABS(G50) -> 931.75 | I50: =SUMSQ($G$7:G50)/(A50-4) -> 4595213.7 | J50: =SUM($H$7:H50)/(A50-4) -> 1688.3807 | K50: =H50/D50 -> 0.10795389 | L50: =SUM($K$7:K50)/(A50-4) -> 0.19649777 | M50: =SUM($G$7:G50) -> 11369.75 | N50: =M50/J50 -> 6.7341152
A51: 49 | C51: April | D51: 9682 | E51: =SUM(D47:D50)/4 -> 9148.5 | G51: =D51-E51 -> 533.5 | H51: =ABS(G51) -> 533.5 | I51: =SUMSQ($G$7:G51)/(A51-4) -> 4499422.8 | J51: =SUM($H$7:H51)/(A51-4) -> 1662.7167 | K51: =H51/D51 -> 0.055102252 | L51: =SUM($K$7:K51)/(A51-4) -> 0.19335565 | M51: =SUM($G$7:G51) -> 11903.25 | N51: =M51/J51 -> 7.1589166
A52: 50 | C52: May | D52: 9052 | E52: =SUM(D48:D51)/4 -> 9383.25 | G52: =D52-E52 -> -331.25 | H52: =ABS(G52) -> 331.25 | I52: =SUMSQ($G$7:G52)/(A52-4) -> 4403994.6 | J52: =SUM($H$7:H52)/(A52-4) -> 1633.7717 | K52: =H52/D52 -> 0.036594123 | L52: =SUM($K$7:K52)/(A52-4) -> 0.18994779 | M52: =SUM($G$7:G52) -> 11572 | N52: =M52/J52 -> 7.0829968
A53: 51 | C53: June | D53: 11477 | E53: =SUM(D49:D52)/4 -> 9041.5 | G53: =D53-E53 -> 2435.5 | H53: =ABS(G53) -> 2435.5 | I53: =SUMSQ($G$7:G53)/(A53-4) -> 4436498.1 | J53: =SUM($H$7:H53)/(A53-4) -> 1650.8298 | K53: =H53/D53 -> 0.21220702 | L53: =SUM($K$7:K53)/(A53-4) -> 0.19042139 | M53: =SUM($G$7:G53) -> 14007.5 | N53: =M53/J53 -> 8.4851268
A54: 52 | C54: July | D54: 8242 | E54: =SUM(D50:D53)/4 -> 9710.5 | G54: =D54-E54 -> -1468.5 | H54: =ABS(G54) -> 1468.5 | I54: =SUMSQ($G$7:G54)/(A54-4) -> 4388998 | J54: =SUM($H$7:H54)/(A54-4) -> 1647.0312 | K54: =H54/D54 -> 0.17817277 | L54: =SUM($K$7:K54)/(A54-4) -> 0.19016621 | M54: =SUM($G$7:G54) -> 12539 | N54: =M54/J54 -> 7.6130917
A55: 53 | C55: August | D55: 7674 | E55: =SUM(D51:D54)/4 -> 9613.25 | G55: =D55-E55 -> -1939.25 | H55: =ABS(G55) -> 1939.25 | I55: =SUMSQ($G$7:G55)/(A55-4) -> 4376175.4 | J55: =SUM($H$7:H55)/(A55-4) -> 1652.9949 | K55: =H55/D55 -> 0.25270394 | L55: =SUM($K$7:K55)/(A55-4) -> 0.19144249 | M55: =SUM($G$7:G55) -> 10599.75 | N55: =M55/J55 -> 6.4124517
A56: 54 | C56: September | D56: 10339 | E56: =SUM(D52:D55)/4 -> 9111.25 | G56: =D56-E56 -> 1227.75 | H56: =ABS(G56) -> 1227.75 | I56: =SUMSQ($G$7:G56)/(A56-4) -> 4318799.3 | J56: =SUM($H$7:H56)/(A56-4) -> 1644.49 | K56: =H56/D56 -> 0.1187494 | L56: =SUM($K$7:K56)/(A56-4) -> 0.18998863 | M56: =SUM($G$7:G56) -> 11827.5 | N56: =M56/J56 -> 7.1921994
A57: 55 | C57: October | D57: 13919 | E57: =SUM(D53:D56)/4 -> 9433 | G57: =D57-E57 -> 4486 | H57: =ABS(G57) -> 4486 | I57: =SUMSQ($G$7:G57)/(A57-4) -> 4628709 | J57: =SUM($H$7:H57)/(A57-4) -> 1700.2059 | K57: =H57/D57 -> 0.32229327 | L57: =SUM($K$7:K57)/(A57-4) -> 0.19258284 | M57: =SUM($G$7:G57) -> 16313.5 | N57: =M57/J57 -> 9.5950144
A58: 56 | C58: November | D58: 10531 | E58: =SUM(D54:D57)/4 -> 10043.5 | G58: =D58-E58 -> 487.5 | H58: =ABS(G58) -> 487.5 | I58: =SUMSQ($G$7:G58)/(A58-4) -> 4544265.7 | J58: =SUM($H$7:H58)/(A58-4) -> 1676.8846 | K58: =H58/D58 -> 0.0462919 | L58: =SUM($K$7:K58)/(A58-4) -> 0.18976955 | M58: =SUM($G$7:G58) -> 16801 | N58: =M58/J58 -> 10.019175
A59: 57 | C59: December | D59: 8435 | E59: =SUM(D55:D58)/4 -> 10615.75 | G59: =D59-E59 -> -2180.75 | H59: =ABS(G59) -> 2180.75 | I59: =SUMSQ($G$7:G59)/(A59-4) -> 4548254.5 | J59: =SUM($H$7:H59)/(A59-4) -> 1686.3915 | K59: =H59/D59 -> 0.25853586 | L59: =SUM($K$7:K59)/(A59-4) -> 0.19106703 | M59: =SUM($G$7:G59) -> 14620.25 | N59: =M59/J59 -> 8.6695467
A60: 58 | B60: 2008 | C60: January | D60: 9750 | E60: =SUM(D56:D59)/4 -> 10806 | G60: =D60-E60 -> -1056 | H60: =ABS(G60) -> 1056 | I60: =SUMSQ($G$7:G60)/(A60-4) -> 4484678.2 | J60: =SUM($H$7:H60)/(A60-4) -> 1674.7176 | K60: =H60/D60 -> 0.10830769 | L60: =SUM($K$7:K60)/(A60-4) -> 0.18953445 | M60: =SUM($G$7:G60) -> 13564.25 | N60: =M60/J60 -> 8.0994253
A61: 59 | C61: February | D61: 8477 | E61: =SUM(D57:D60)/4 -> 10658.75 | G61: =D61-E61 -> -2181.75 | H61: =ABS(G61) -> 2181.75 | I61: =SUMSQ($G$7:G61)/(A61-4) -> 4489684.7 | J61: =SUM($H$7:H61)/(A61-4) -> 1683.9364 | K61: =H61/D61 -> 0.25737289 | L61: =SUM($K$7:K61)/(A61-4) -> 0.19076787 | M61: =SUM($G$7:G61) -> 11382.5 | N61: =M61/J61 -> 6.7594597
A62: 60 | C62: March | D62: 9814 | E62: =SUM(D58:D61)/4 -> 9298.25 | G62: =D62-E62 -> 515.75 | H62: =ABS(G62) -> 515.75 | I62: =SUMSQ($G$7:G62)/(A62-4) -> 4414261.7 | J62: =SUM($H$7:H62)/(A62-4) -> 1663.0759 | K62: =H62/D62 -> 0.052552476 | L62: =SUM($K$7:K62)/(A62-4) -> 0.18829974 | M62: =SUM($G$7:G62) -> 11898.25 | N62: =M62/J62 -> 7.1543638
A63: 61 | C63: April | D63: 10684 | E63: =SUM(D59:D62)/4 -> 9119 | G63: =D63-E63 -> 1565 | H63: =ABS(G63) -> 1565 | I63: =SUMSQ($G$7:G63)/(A63-4) -> 4379787.4 | J63: =SUM($H$7:H63)/(A63-4) -> 1661.3553 | K63: =H63/D63 -> 0.14648072 | L63: =SUM($K$7:K63)/(A63-4) -> 0.18756608 | M63: =SUM($G$7:G63) -> 13463.25 | N63: =M63/J63 -> 8.1037755
A64: 62 | C64: May | D64: 11693 | E64: =SUM(D60:D63)/4 -> 9681.25 | G64: =D64-E64 -> 2011.75 | H64: =ABS(G64) -> 2011.75 | I64: =SUMSQ($G$7:G64)/(A64-4) -> 4374052 | J64: =SUM($H$7:H64)/(A64-4) -> 1667.3966 | K64: =H64/D64 -> 0.17204738 | L64: =SUM($K$7:K64)/(A64-4) -> 0.18729851 | M64: =SUM($G$7:G64) -> 15475 | N64: =M64/J64 -> 9.2809356
A65: 63 | C65: June | D65: 14439 | E65: =SUM(D61:D64)/4 -> 10167 | G65: =D65-E65 -> 4272 | H65: =ABS(G65) -> 4272 | I65: =SUMSQ($G$7:G65)/(A65-4) -> 4609237.3 | J65: =SUM($H$7:H65)/(A65-4) -> 1711.5424 | K65: =H65/D65 -> 0.29586536 | L65: =SUM($K$7:K65)/(A65-4) -> 0.18913863 | M65: =SUM($G$7:G65) -> 19747 | N65: =M65/J65 -> 11.537547
A66: 64 | C66: July | D66: 9081 | E66: =SUM(D62:D65)/4 -> 11657.5 | G66: =D66-E66 -> -2576.5 | H66: =ABS(G66) -> 2576.5 | I66: =SUMSQ($G$7:G66)/(A66-4) -> 4643055.9 | J66: =SUM($H$7:H66)/(A66-4) -> 1725.9583 | K66: =H66/D66 -> 0.28372426 | L66: =SUM($K$7:K66)/(A66-4) -> 0.19071505 | M66: =SUM($G$7:G66) -> 17170.5 | N66: =M66/J66 -> 9.9483862
A67: 65 | C67: August | D67: 9781 | E67: =SUM(D63:D66)/4 -> 11474.25 | G67: =D67-E67 -> -1693.25 | H67: =ABS(G67) -> 1693.25 | I67: =SUMSQ($G$7:G67)/(A67-4) -> 4613941.8 | J67: =SUM($H$7:H67)/(A67-4) -> 1725.4221 | K67: =H67/D67 -> 0.17311625 | L67: =SUM($K$7:K67)/(A67-4) -> 0.19042655 | M67: =SUM($G$7:G67) -> 15477.25 | N67: =M67/J67 -> 8.9701237
A68: 66 | C68: September | D68: 10307 | E68: =SUM(D64:D67)/4 -> 11248.5 | G68: =D68-E68 -> -941.5 | H68: =ABS(G68) -> 941.5 | I68: =SUMSQ($G$7:G68)/(A68-4) -> 4553820.5 | J68: =SUM($H$7:H68)/(A68-4) -> 1712.7782 | K68: =H68/D68 -> 0.091345687 | L68: =SUM($K$7:K68)/(A68-4) -> 0.18882847 | M68: =SUM($G$7:G68) -> 14535.75 | N68: =M68/J68 -> 8.4866504
A69: 67 | C69: October | D69: 14800 | E69: =SUM(D65:D68)/4 -> 10902 | G69: =D69-E69 -> 3898 | H69: =ABS(G69) -> 3898 | I69: =SUMSQ($G$7:G69)/(A69-4) -> 4722718.7 | J69: =SUM($H$7:H69)/(A69-4) -> 1747.4643 | K69: =H69/D69 -> 0.26337838 | L69: =SUM($K$7:K69)/(A69-4) -> 0.1900118 | M69: =SUM($G$7:G69) -> 18433.75 | N69: =M69/J69 -> 10.548857
A70: 68 | C70: November | D70: 7960 | E70: =SUM(D66:D69)/4 -> 10992.25 | G70: =D70-E70 -> -3032.25 | H70: =ABS(G70) -> 3032.25 | I70: =SUMSQ($G$7:G70)/(A70-4) -> 4792590.9 | J70: =SUM($H$7:H70)/(A70-4) -> 1767.5391 | K70: =H70/D70 -> 0.38093593 | L70: =SUM($K$7:K70)/(A70-4) -> 0.19299499 | M70: =SUM($G$7:G70) -> 15401.5 | N70: =M70/J70 -> 8.7135274
A71: 69 | C71: December | D71: 6858 | E71: =SUM(D67:D70)/4 -> 10712 | G71: =D71-E71 -> -3854 | H71: =ABS(G71) -> 3854 | I71: =SUMSQ($G$7:G71)/(A71-4) -> 4947371.3 | J71: =SUM($H$7:H71)/(A71-4) -> 1799.6385 | K71: =H71/D71 -> 0.56197142 | L71: =SUM($K$7:K71)/(A71-4) -> 0.19867155 | M71: =SUM($G$7:G71) -> 11547.5 | N71: =M71/J71 -> 6.4165666
A72: 70 | B72: 2009 | C72: January | D72: 9438 | E72: =SUM(D68:D71)/4 -> 9981.25 | G72: =D72-E72 -> -543.25 | H72: =ABS(G72) -> 543.25 | I72: =SUMSQ($G$7:G72)/(A72-4) -> 4876882.6 | J72: =SUM($H$7:H72)/(A72-4) -> 1780.6023 | K72: =H72/D72 -> 0.057559864 | L72: =SUM($K$7:K72)/(A72-4) -> 0.1965335 | M72: =SUM($G$7:G72) -> 11004.25 | N72: =M72/J72 -> 6.1800719
A73: 71 | C73: February | D73: 8487 | E73: =SUM(D69:D72)/4 -> 9764 | G73: =D73-E73 -> -1277 | H73: =ABS(G73) -> 1277 | I73: =SUMSQ($G$7:G73)/(A73-4) -> 4828432.6 | J73: =SUM($H$7:H73)/(A73-4) -> 1773.0858 | K73: =H73/D73 -> 0.15046542 | L73: =SUM($K$7:K73)/(A73-4) -> 0.19584591 | M73: =SUM($G$7:G73) -> 9727.25 | N73: =M73/J73 -> 5.4860571
A74: 72 | C74: March | D74: 10609 | E74: =SUM(D70:D73)/4 -> 8185.75 | G74: =D74-E74 -> 2423.25 | H74: =ABS(G74) -> 2423.25 | I74: =SUMSQ($G$7:G74)/(A74-4) -> 4843781.2 | J74: =SUM($H$7:H74)/(A74-4) -> 1782.6471 | K74: =H74/D74 -> 0.22841455 | L74: =SUM($K$7:K74)/(A74-4) -> 0.19632486 | M74: =SUM($G$7:G74) -> 12150.5 | N74: =M74/J74 -> 6.8159875
A75: 73 | C75: April | D75: 11282 | E75: =SUM(D71:D74)/4 -> 8848 | G75: =D75-E75 -> 2434 | H75: =ABS(G75) -> 2434 | I75: =SUMSQ($G$7:G75)/(A75-4) -> 4859441.7 | J75: =SUM($H$7:H75)/(A75-4) -> 1792.087 | K75: =H75/D75 -> 0.21574189 | L75: =SUM($K$7:K75)/(A75-4) -> 0.19660627 | M75: =SUM($G$7:G75) -> 14584.5 | N75: =M75/J75 -> 8.138277
A76: 74 | C76: May | D76: 12870 | E76: =SUM(D72:D75)/4 -> 9954 | G76: =D76-E76 -> 2916 | H76: =ABS(G76) -> 2916 | I76: =SUMSQ($G$7:G76)/(A76-4) -> 4911493.3 | J76: =SUM($H$7:H76)/(A76-4) -> 1808.1429 | K76: =H76/D76 -> 0.22657343 | L76: =SUM($K$7:K76)/(A76-4) -> 0.19703437 | M76: =SUM($G$7:G76) -> 17500.5 | N76: =M76/J76 -> 9.6787153
A77: 75 | C77: June | D77: 17811 | E77: =SUM(D73:D76)/4 -> 10812 | G77: =D77-E77 -> 6999 | H77: =ABS(G77) -> 6999 | I77: =SUMSQ($G$7:G77)/(A77-4) -> 5532261.1 | J77: =SUM($H$7:H77)/(A77-4) -> 1881.2535 | K77: =H77/D77 -> 0.39295941 | L77: =SUM($K$7:K77)/(A77-4) -> 0.19979388 | M77: =SUM($G$7:G77) -> 24499.5 | N77: =M77/J77 -> 13.022966
A78: 76 | C78: July | D78: 12128 | E78: =SUM(D74:D77)/4 -> 13143 | G78: =D78-E78 -> -1015 | H78: =ABS(G78) -> 1015 | I78: =SUMSQ($G$7:G78)/(A78-4) -> 5469732.8 | J78: =SUM($H$7:H78)/(A78-4) -> 1869.2222 | K78: =H78/D78 -> 0.083690633 | L78: =SUM($K$7:K78)/(A78-4) -> 0.19818134 | M78: =SUM($G$7:G78) -> 23484.5 | N78: =M78/J78 -> 12.563782
A79: 77 | C79: August | D79: 10161 | E79: =SUM(D75:D78)/4 -> 13522.75 | G79: =D79-E79 -> -3361.75 | H79: =ABS(G79) -> 3361.75 | I79: =SUMSQ($G$7:G79)/(A79-4) -> 5549618.1 | J79: =SUM($H$7:H79)/(A79-4) -> 1889.6678 | K79: =H79/D79 -> 0.33084834 | L79: =SUM($K$7:K79)/(A79-4) -> 0.19999869 | M79: =SUM($G$7:G79) -> 20122.75 | N79: =M79/J79 -> 10.648829
A80: 78 | C80: September | D80: 16359 | E80: =SUM(D76:D79)/4 -> 13242.5 | G80: =D80-E80 -> 3116.5 | H80: =ABS(G80) -> 3116.5 | I80: =SUMSQ($G$7:G80)/(A80-4) -> 5605874.3 | J80: =SUM($H$7:H80)/(A80-4) -> 1906.2466 | K80: =H80/D80 -> 0.19050675 | L80: =SUM($K$7:K80)/(A80-4) -> 0.19987042 | M80: =SUM($G$7:G80) -> 23239.25 | N80: =M80/J80 -> 12.191104
A81: 79 | C81: October | D81: 17796 | E81: =SUM(D77:D80)/4 -> 14114.75 | G81: =D81-E81 -> 3681.25 | H81: =ABS(G81) -> 3681.25 | I81: =SUMSQ($G$7:G81)/(A81-4) -> 5711817.3 | J81: =SUM($H$7:H81)/(A81-4) -> 1929.9133 | K81: =H81/D81 -> 0.20685828 | L81: =SUM($K$7:K81)/(A81-4) -> 0.19996359 | M81: =SUM($G$7:G81) -> 26920.5 | N81: =M81/J81 -> 13.949072
A82: 80 | C82: November | D82: 11604 | E82: =SUM(D78:D81)/4 -> 14111 | G82: =D82-E82 -> -2507 | H82: =ABS(G82) -> 2507 | I82: =SUMSQ($G$7:G82)/(A82-4) -> 5719359.8 | J82: =SUM($H$7:H82)/(A82-4) -> 1937.5066 | K82: =H82/D82 -> 0.21604619 | L82: =SUM($K$7:K82)/(A82-4) -> 0.20017521 | M82: =SUM($G$7:G82) -> 24413.5 | N82: =M82/J82 -> 12.600473
A83: 81 | C83: December | D83: 11517 | E83: =SUM(D79:D82)/4 -> 13980 | G83: =D83-E83 -> -2463 | H83: =ABS(G83) -> 2463 | I83: =SUMSQ($G$7:G83)/(A83-4) -> 5723866.4 | J83: =SUM($H$7:H83)/(A83-4) -> 1944.3312 | K83: =H83/D83 -> 0.21385778 | L83: =SUM($K$7:K83)/(A83-4) -> 0.2003529 | M83: =SUM($G$7:G83) -> 21950.5 | N83: =M83/J83 -> 11.289486
A84: 82 | B84: 2010 | C84: January | D84: 15925 | E84: =SUM(D80:D83)/4 -> 14319 | G84: =D84-E84 -> 1606 | H84: =ABS(G84) -> 1606 | I84: =SUMSQ($G$7:G84)/(A84-4) -> 5683550.6 | J84: =SUM($H$7:H84)/(A84-4) -> 1939.9936 | K84: =H84/D84 -> 0.10084772 | L84: =SUM($K$7:K84)/(A84-4) -> 0.1990772 | M84: =SUM($G$7:G84) -> 23556.5 | N84: =M84/J84 -> 12.142566
A85: 83 | C85: February | D85: 13532 | E85: =SUM(D81:D84)/4 -> 14210.5 | G85: =D85-E85 -> -678.5 | H85: =ABS(G85) -> 678.5 | I85: =SUMSQ($G$7:G85)/(A85-4) -> 5617434.3 | J85: =SUM($H$7:H85)/(A85-4) -> 1924.0253 | K85: =H85/D85 -> 0.050140408 | L85: =SUM($K$7:K85)/(A85-4) -> 0.19719192 | M85: =SUM($G$7:G85) -> 22878 | N85: =M85/J85 -> 11.890696
A86: 84 | C86: March | D86: 14648 | E86: =SUM(D82:D85)/4 -> 13144.5 | G86: =D86-E86 -> 1503.5 | H86: =ABS(G86) -> 1503.5 | I86: =SUMSQ($G$7:G86)/(A86-4) -> 5575472.8 | J86: =SUM($H$7:H86)/(A86-4) -> 1918.7687 | K86: =H86/D86 -> 0.102642 | L86: =SUM($K$7:K86)/(A86-4) -> 0.19601005 | M86: =SUM($G$7:G86) -> 24381.5 | N86: =M86/J86 -> 12.706847
A87: 85 | C87: April | D87: 15697 | E87: =SUM(D83:D86)/4 -> 13905.5 | G87: =D87-E87 -> 1791.5 | H87: =ABS(G87) -> 1791.5 | I87: =SUMSQ($G$7:G87)/(A87-4) -> 5546262.9 | J87: =SUM($H$7:H87)/(A87-4) -> 1917.1975 | K87: =H87/D87 -> 0.11413009 | L87: =SUM($K$7:K87)/(A87-4) -> 0.19499918 | M87: =SUM($G$7:G87) -> 26173 | N87: =M87/J87 -> 13.651697
A88: 86 | C88: May | D88: 16653 | E88: =SUM(D84:D87)/4 -> 14950.5 | G88: =D88-E88 -> 1702.5 | H88: =ABS(G88) -> 1702.5 | I88: =SUMSQ($G$7:G88)/(A88-4) -> 5513973.2 | J88: =SUM($H$7:H88)/(A88-4) -> 1914.5793 | K88: =H88/D88 -> 0.10223383 | L88: =SUM($K$7:K88)/(A88-4) -> 0.1938679 | M88: =SUM($G$7:G88) -> 27875.5 | N88: =M88/J88 -> 14.559596
A89: 87 | C89: June | D89: 15411 | E89: =SUM(D85:D88)/4 -> 15132.5 | G89: =D89-E89 -> 278.5 | H89: =ABS(G89) -> 278.5 | I89: =SUMSQ($G$7:G89)/(A89-4) -> 5448474.3 | J89: =SUM($H$7:H89)/(A89-4) -> 1894.8675 | K89: =H89/D89 -> 0.018071507 | L89: =SUM($K$7:K89)/(A89-4) -> 0.19174987 | M89: =SUM($G$7:G89) -> 28154 | N89: =M89/J89 -> 14.858031
A90: 88 | C90: July | D90: 13534 | E90: =SUM(D86:D89)/4 -> 15602.25 | G90: =D90-E90 -> -2068.25 | H90: =ABS(G90) -> 2068.25 | I90: =SUMSQ($G$7:G90)/(A90-4) -> 5434536 | J90: =SUM($H$7:H90)/(A90-4) -> 1896.9315 | K90: =H90/D90 -> 0.15281883 | L90: =SUM($K$7:K90)/(A90-4) -> 0.1912864 | M90: =SUM($G$7:G90) -> 26085.75 | N90: =M90/J90 -> 13.751551
A91: 89 | C91: August | D91: 12454 | E91: =SUM(D87:D90)/4 -> 15323.75 | G91: =D91-E91 -> -2869.75 | H91: =ABS(G91) -> 2869.75 | I91: =SUMSQ($G$7:G91)/(A91-4) -> 5467488.1 | J91: =SUM($H$7:H91)/(A91-4) -> 1908.3765 | K91: =H91/D91 -> 0.23042797 | L91: =SUM($K$7:K91)/(A91-4) -> 0.19174689 | M91: =SUM($G$7:G91) -> 23216 | N91: =M91/J91 -> 12.165315
A92: 90 | C92: September | D92: 16300 | E92: =SUM(D88:D91)/4 -> 14513 | G92: =D92-E92 -> 1787 | H92: =ABS(G92) -> 1787 | I92: =SUMSQ($G$7:G92)/(A92-4) -> 5441044.9 | J92: =SUM($H$7:H92)/(A92-4) -> 1906.9651 | K92: =H92/D92 -> 0.1096319 | L92: =SUM($K$7:K92)/(A92-4) -> 0.19079207 | M92: =SUM($G$7:G92) -> 25003 | N92: =M92/J92 -> 13.111409
A93: 91 | C93: October | D93: 23378 | E93: =SUM(D89:D92)/4 -> 14424.75 | G93: =D93-E93 -> 8953.25 | H93: =ABS(G93) -> 8953.25 | I93: =SUMSQ($G$7:G93)/(A93-4) -> 6299891.3 | J93: =SUM($H$7:H93)/(A93-4) -> 1987.9569 | K93: =H93/D93 -> 0.38297759 | L93: =SUM($K$7:K93)/(A93-4) -> 0.1930011 | M93: =SUM($G$7:G93) -> 33956.25 | N93: =M93/J93 -> 17.080979
A94: 92 | C94: November | D94: 16975 | E94: =SUM(D90:D93)/4 -> 16416.5 | G94: =D94-E94 -> 558.5 | H94: =ABS(G94) -> 558.5 | I94: =SUMSQ($G$7:G94)/(A94-4) -> 6231846.2 | J94: =SUM($H$7:H94)/(A94-4) -> 1971.7131 | K94: =H94/D94 -> 0.032901325 | L94: =SUM($K$7:K94)/(A94-4) -> 0.19118178 | M94: =SUM($G$7:G94) -> 34514.75 | N94: =M94/J94 -> 17.504956
A95: 93 | C95: December | D95: 15135 | E95: =SUM(D91:D94)/4 -> 17276.75 | G95: =D95-E95 -> -2141.75 | H95: =ABS(G95) -> 2141.75 | I95: =SUMSQ($G$7:G95)/(A95-4) -> 6213365.8 | J95: =SUM($H$7:H95)/(A95-4) -> 1973.6236 | K95: =H95/D95 -> 0.14150975 | L95: =SUM($K$7:K95)/(A95-4) -> 0.19062367 | M95: =SUM($G$7:G95) -> 32373 | N95: =M95/J95 -> 16.402824
A96: 94 | B96: 2011 | C96: January | D96: 19430 | E96: =SUM(D92:D95)/4 -> 17947 | G96: =D96-E96 -> 1483 | H96: =ABS(G96) -> 1483 | I96: =SUMSQ($G$7:G96)/(A96-4) -> 6168765 | J96: =SUM($H$7:H96)/(A96-4) -> 1968.1722 | K96: =H96/D96 -> 0.07632527 | L96: =SUM($K$7:K96)/(A96-4) -> 0.18935369 | M96: =SUM($G$7:G96) -> 33856 | N96: =M96/J96 -> 17.201747
A97: 95 | C97: February | D97: 17534 | E97: =SUM(D93:D96)/4 -> 18729.5 | G97: =D97-E97 -> -1195.5 | H97: =ABS(G97) -> 1195.5 | I97: =SUMSQ($G$7:G97)/(A97-4) -> 6116682.1 | J97: =SUM($H$7:H97)/(A97-4) -> 1959.6813 | K97: =H97/D97 -> 0.068181818 | L97: =SUM($K$7:K97)/(A97-4) -> 0.18802213 | M97: =SUM($G$7:G97) -> 32660.5 | N97: =M97/J97 -> 16.66623
A98: 96 | C98: March | D98: 17822 | E98: =SUM(D94:D97)/4 -> 17268.5 | G98: =D98-E98 -> 553.5 | H98: =ABS(G98) -> 553.5 | I98: =SUMSQ($G$7:G98)/(A98-4) -> 6053526.4 | J98: =SUM($H$7:H98)/(A98-4) -> 1944.3967 | K98: =H98/D98 -> 0.03105712 | L98: =SUM($K$7:K98)/(A98-4) -> 0.18631599 | M98: =SUM($G$7:G98) -> 33214 | N98: =M98/J98 -> 17.081905
A99: 97 | C99: April | D99: 17740 | E99: =SUM(D95:D98)/4 -> 17480.25 | G99: =D99-E99 -> 259.75 | H99: =ABS(G99) -> 259.75 | I99: =SUMSQ($G$7:G99)/(A99-4) -> 5989160.2 | J99: =SUM($H$7:H99)/(A99-4) -> 1926.2823 | K99: =H99/D99 -> 0.014642052 | L99: =SUM($K$7:K99)/(A99-4) -> 0.18447003 | M99: =SUM($G$7:G99) -> 33473.75 | N99: =M99/J99 -> 17.377386
A100: 98 | C100: May | D100: 17952 | E100: =SUM(D96:D99)/4 -> 18131.5 | G100: =D100-E100 -> -179.5 | H100: =ABS(G100) -> 179.5 | I100: =SUMSQ($G$7:G100)/(A100-4) -> 5925788.5 | J100: =SUM($H$7:H100)/(A100-4) -> 1907.6995 | K100: =H100/D100 -> 0.0099988859 | L100: =SUM($K$7:K100)/(A100-4) -> 0.18261395 | M100: =SUM($G$7:G100) -> 33294.25 | N100: =M100/J100 -> 17.452566
A101: 99 | C101: June | D101: 21552 | E101: =SUM(D97:D100)/4 -> 17762 | G101: =D101-E101 -> 3790 | H101: =ABS(G101) -> 3790 | I101: =SUMSQ($G$7:G101)/(A101-4) -> 6014612.8 | J101: =SUM($H$7:H101)/(A101-4) -> 1927.5132 | K101: =H101/D101 -> 0.17585375 | L101: =SUM($K$7:K101)/(A101-4) -> 0.18254279 | M101: =SUM($G$7:G101) -> 37084.25 | N101: =M101/J101 -> 19.239428
...

Sheet WMA (3m)
D1: Weights are | E1: 0.54810273 | F1: 0 | G1: 0.45189727 | I1: =E1+F1+G1 -> 1
E2: Last month | F2: 2mon ago | G2: 3mon ago
A4: #Month | B4: Year | C4: Month | D4: Actual Demand | E4: 3 Month Weighted MovAver | G4: Forecast error | H4: Absolute value | I4: MSE | J4: MAD | K4: APE | L4: MAPE | M4: Bias | N4: TS
A5: 1 | B5: 2003 | C5: April | D5: 4698
A6: 2 | C6: May | D6: 4605
A7: 3 | C7: June | D7: 4859
A8: 4 | C8: July | D8: 4136 | E8: =(D7*$E$1+D6*$F$1+D5*$G$1)/SUM($E$1:$G$1) -> 4786.2445 | G8: =D8-E8 -> -650.24454 | H8: =ABS(G8) -> 650.24454 | I8: =SUMSQ($G$8:G8)/(A8-3) -> 422817.96 | J8: =SUM($H$8:H8)/(A8-3) -> 650.24454 | K8: =H8/D8 -> 0.1572158 | L8: =SUM($K$8:K8)/(A8-3) -> 0.1572158 | M8: =SUM($G$8:G8) -> -650.24454 | N8: =M8/J8 -> -1
A9: 5 | C9: August | D9: 3872 | E9: =(D8*$E$1+D7*$F$1+D6*$G$1)/SUM($E$1:$G$1) -> 4347.9398 | G9: =D9-E9 -> -475.93982 | H9: =ABS(G9) -> 475.93982 | I9: =SUMSQ($G$8:G9)/(A9-3) -> 324668.34 | J9: =SUM($H$8:H9)/(A9-3) -> 563.09218 | K9: =H9/D9 -> 0.12291834 | L9: =SUM($K$8:K9)/(A9-3) -> 0.14006707 | M9: =SUM($G$8:G9) -> -1126.1844 | N9: =M9/J9 -> -2
A10: 6 | C10: September | D10: 5938 | E10: =(D9*$E$1+D8*$F$1+D7*$G$1)/SUM($E$1:$G$1) -> 4318.0226 | G10: =D10-E10 -> 1619.9774 | H10: =ABS(G10) -> 1619.9774 | I10: =SUMSQ($G$8:G10)/(A10-3) -> 1091221.1 | J10: =SUM($H$8:H10)/(A10-3) -> 915.38725 | K10: =H10/D10 -> 0.27281532 | L10: =SUM($K$8:K10)/(A10-3) -> 0.18431649 | M10: =SUM($G$8:G10) -> 493.79303 | N10: =M10/J10 -> 0.53943621
A11: 7 | C11: October | D11: 8790 | E11: =(D10*$E$1+D9*$F$1+D8*$G$1)/SUM($E$1:$G$1) -> 5123.6811 | G11: =D11-E11 -> 3666.3189 | H11: =ABS(G11) -> 3666.3189 | I11: =SUMSQ($G$8:G11)/(A11-3) -> 4178889.4 | J11: =SUM($H$8:H11)/(A11-3) -> 1603.1202 | K11: =H11/D11 -> 0.41710112 | L11: =SUM($K$8:K11)/(A11-3) -> 0.24251265 | M11: =SUM($G$8:G11) -> 4160.1119 | N11: =M11/J11 -> 2.5950094
A12: 8 | C12: November | D12: 6825 | E12: =(D11*$E$1+D10*$F$1+D9*$G$1)/SUM($E$1:$G$1) -> 6567.5692 | G12: =D12-E12 -> 257.43079 | H12: =ABS(G12) -> 257.43079 | I12: =SUMSQ($G$8:G12)/(A12-3) -> 3356365.6 | J12: =SUM($H$8:H12)/(A12-3) -> 1333.9823 | K12: =H12/D12 -> 0.037718797 | L12: =SUM($K$8:K12)/(A12-3) -> 0.20155388 | M12: =SUM($G$8:G12) -> 4417.5427 | N12: =M12/J12 -> 3.3115453
A13: 9 | C13: December | D13: 4858 | E13: =(D12*$E$1+D11*$F$1+D10*$G$1)/SUM($E$1:$G$1) -> 6424.1671 | G13: =D13-E13 -> -1566.1671 | H13: =ABS(G13) -> 1566.1671 | I13: =SUMSQ($G$8:G13)/(A13-3) -> 3205784.6 | J13: =SUM($H$8:H13)/(A13-3) -> 1372.6798 | K13: =H13/D13 -> 0.32238928 | L13: =SUM($K$8:K13)/(A13-3) -> 0.22169311 | M13: =SUM($G$8:G13) -> 2851.3756 | N13: =M13/J13 -> 2.0772329
A14: 10 | B14: 2004 | C14: January | D14: 5907 | E14: =(D13*$E$1+D12*$F$1+D11*$G$1)/SUM($E$1:$G$1) -> 6634.8601 | G14: =D14-E14 -> -727.86008 | H14: =ABS(G14) -> 727.86008 | I14: =SUMSQ($G$8:G14)/(A14-3) -> 2823498.3 | J14: =SUM($H$8:H14)/(A14-3) -> 1280.5627 | K14: =H14/D14 -> 0.12321992 | L14: =SUM($K$8:K14)/(A14-3) -> 0.20762551 | M14: =SUM($G$8:G14) -> 2123.5155 | N14: =M14/J14 -> 1.6582676
A15: 11 | C15: February | D15: 6386 | E15: =(D14*$E$1+D13*$F$1+D12*$G$1)/SUM($E$1:$G$1) -> 6321.8417 | G15: =D15-E15 -> 64.158303 | H15: =ABS(G15) -> 64.158303 | I15: =SUMSQ($G$8:G15)/(A15-3) -> 2471075.5 | J15: =SUM($H$8:H15)/(A15-3) -> 1128.5121 | K15: =H15/D15 -> 0.010046712 | L15: =SUM($K$8:K15)/(A15-3) -> 0.18292816 | M15: =SUM($G$8:G15) -> 2187.6738 | N15: =M15/J15 -> 1.938547
A16: 12 | C16: March | D16: 9085 | E16: =(D15*$E$1+D14*$F$1+D13*$G$1)/SUM($E$1:$G$1) -> 5695.501 | G16: =D16-E16 -> 3389.499 | H16: =ABS(G16) -> 3389.499 | I16: =SUMSQ($G$8:G16)/(A16-3) -> 3473034.2 | J16: =SUM($H$8:H16)/(A16-3) -> 1379.7329 | K16: =H16/D16 -> 0.3730874 | L16: =SUM($K$8:K16)/(A16-3) -> 0.20405697 | M16: =SUM($G$8:G16) -> 5577.1728 | N16: =M16/J16 -> 4.042212
A17: 13 | C17: April | D17: 6492 | E17: =(D16*$E$1+D15*$F$1+D14*$G$1)/SUM($E$1:$G$1) -> 7648.8705 | G17: =D17-E17 -> -1156.8705 | H17: =ABS(G17) -> 1156.8705 | I17: =SUMSQ($G$8:G17)/(A17-3) -> 3259565.7 | J17: =SUM($H$8:H17)/(A17-3) -> 1357.4466 | K17: =H17/D17 -> 0.17819939 | L17: =SUM($K$8:K17)/(A17-3) -> 0.20147121 | M17: =SUM($G$8:G17) -> 4420.3024 | N17: =M17/J17 -> 3.256336
A18: 14 | C18: May | D18: 6832 | E18: =(D17*$E$1+D16*$F$1+D15*$G$1)/SUM($E$1:$G$1) -> 6444.0989 | G18: =D18-E18 -> 387.90111 | H18: =ABS(G18) -> 387.90111 | I18: =SUMSQ($G$8:G18)/(A18-3) -> 2976920.4 | J18: =SUM($H$8:H18)/(A18-3) -> 1269.3061 | K18: =H18/D18 -> 0.056777095 | L18: =SUM($K$8:K18)/(A18-3) -> 0.1883172 | M18: =SUM($G$8:G18) -> 4808.2035 | N18: =M18/J18 -> 3.7880566
A19: 15 | C19: June | D19: 8867 | E19: =(D18*$E$1+D17*$F$1+D16*$G$1)/SUM($E$1:$G$1) -> 7850.1246 | G19: =D19-E19 -> 1016.8754 | H19: =ABS(G19) -> 1016.8754 | I19: =SUMSQ($G$8:G19)/(A19-3) -> 2815013.3 | J19: =SUM($H$8:H19)/(A19-3) -> 1248.2702 | K19: =H19/D19 -> 0.11468089 | L19: =SUM($K$8:K19)/(A19-3) -> 0.18218084 | M19: =SUM($G$8:G19) -> 5825.0789 | N19: =M19/J19 -> 4.6665207
A20: 16 | C20: July | D20: 4998 | E20: =(D19*$E$1+D18*$F$1+D17*$G$1)/SUM($E$1:$G$1) -> 7793.744 | G20: =D20-E20 -> -2795.744 | H20: =ABS(G20) -> 2795.744 | I20: =SUMSQ($G$8:G20)/(A20-3) -> 3199718.8 | J20: =SUM($H$8:H20)/(A20-3) -> 1367.3067 | K20: =H20/D20 -> 0.55937254 | L20: =SUM($K$8:K20)/(A20-3) -> 0.21119559 | M20: =SUM($G$8:G20) -> 3029.335 | N20: =M20/J20 -> 2.215549
A21: 17 | C21: August | D21: 5305 | E21: =(D20*$E$1+D19*$F$1+D18*$G$1)/SUM($E$1:$G$1) -> 5826.7796 | G21: =D21-E21 -> -521.7796 | H21: =ABS(G21) -> 521.7796 | I21: =SUMSQ($G$8:G21)/(A21-3) -> 2990614.2 | J21: =SUM($H$8:H21)/(A21-3) -> 1306.9119 | K21: =H21/D21 -> 0.098356192 | L21: =SUM($K$8:K21)/(A21-3) -> 0.20313563 | M21: =SUM($G$8:G21) -> 2507.5554 | N21: =M21/J21 -> 1.9186874
A22: 18 | C22: September | D22: 7618 | E22: =(D21*$E$1+D20*$F$1+D19*$G$1)/SUM($E$1:$G$1) -> 6914.6581 | G22: =D22-E22 -> 703.34191 | H22: =ABS(G22) -> 703.34191 | I22: =SUMSQ($G$8:G22)/(A22-3) -> 2824219.2 | J22: =SUM($H$8:H22)/(A22-3) -> 1266.6739 | K22: =H22/D22 -> 0.092326321 | L22: =SUM($K$8:K22)/(A22-3) -> 0.19574834 | M22: =SUM($G$8:G22) -> 3210.8973 | N22: =M22/J22 -> 2.5349044
A23: 19 | C23: October | D23: 11443 | E23: =(D22*$E$1+D21*$F$1+D20*$G$1)/SUM($E$1:$G$1) -> 6434.0291 | G23: =D23-E23 -> 5008.9709 | H23: =ABS(G23) -> 5008.9709 | I23: =SUMSQ($G$8:G23)/(A23-3) -> 4215817.3 | J23: =SUM($H$8:H23)/(A23-3) -> 1500.5675 | K23: =H23/D23 -> 0.43773231 | L23: =SUM($K$8:K23)/(A23-3) -> 0.21087234 | M23: =SUM($G$8:G23) -> 8219.8681 | N23: =M23/J23 -> 5.4778398
A24: 20 | C24: November | D24: 8716 | E24: =(D23*$E$1+D22*$F$1+D21*$G$1)/SUM($E$1:$G$1) -> 8669.2545 | G24: =D24-E24 -> 46.745464 | H24: =ABS(G24) -> 46.745464 | I24: =SUMSQ($G$8:G24)/(A24-3) -> 3967956.6 | J24: =SUM($H$8:H24)/(A24-3) -> 1415.0485 | K24: =H24/D24 -> 0.0053631785 | L24: =SUM($K$8:K24)/(A24-3) -> 0.19878357 | M24: =SUM($G$8:G24) -> 8266.6136 | N24: =M24/J24 -> 5.8419294
A25: 21 | C25: December | D25: 6119 | E25: =(D24*$E$1+D23*$F$1+D22*$G$1)/SUM($E$1:$G$1) -> 8219.8168 | G25: =D25-E25 -> -2100.8168 | H25: =ABS(G25) -> 2100.8168 | I25: =SUMSQ($G$8:G25)/(A25-3) -> 3992705.2 | J25: =SUM($H$8:H25)/(A25-3) -> 1453.1468 | K25: =H25/D25 -> 0.34332682 | L25: =SUM($K$8:K25)/(A25-3) -> 0.20681375 | M25: =SUM($G$8:G25) -> 6165.7968 | N25: =M25/J25 -> 4.2430655
A26: 22 | B26: 2005 | C26: January | D26: 7408 | E26: =(D25*$E$1+D24*$F$1+D23*$G$1)/SUM($E$1:$G$1) -> 8524.9011 | G26: =D26-E26 -> -1116.9011 | H26: =ABS(G26) -> 1116.9011 | I26: =SUMSQ($G$8:G26)/(A26-3) -> 3848219 | J26: =SUM($H$8:H26)/(A26-3) -> 1435.4496 | K26: =H26/D26 -> 0.15076958 | L26: =SUM($K$8:K26)/(A26-3) -> 0.20386405 | M26: =SUM($G$8:G26) -> 5048.8957 | N26: =M26/J26 -> 3.5172922
A27: 23 | C27: February | D27: 7493 | E27: =(D26*$E$1+D25*$F$1+D24*$G$1)/SUM($E$1:$G$1) -> 7999.0816 | G27: =D27-E27 -> -506.08163 | H27: =ABS(G27) -> 506.08163 | I27: =SUMSQ($G$8:G27)/(A27-3) -> 3668614 | J27: =SUM($H$8:H27)/(A27-3) -> 1388.9812 | K27: =H27/D27 -> 0.067540589 | L27: =SUM($K$8:K27)/(A27-3) -> 0.19704788 | M27: =SUM($G$8:G27) -> 4542.8141 | N27: =M27/J27 -> 3.2706087
A28: 24 | C28: March | D28: 8541 | E28: =(D27*$E$1+D26*$F$1+D25*$G$1)/SUM($E$1:$G$1) -> 6872.0931 | G28: =D28-E28 -> 1668.9069 | H28: =ABS(G28) -> 1668.9069 | I28: =SUMSQ($G$8:G28)/(A28-3) -> 3626549.1 | J28: =SUM($H$8:H28)/(A28-3) -> 1402.311 | K28: =H28/D28 -> 0.19539947 | L28: =SUM($K$8:K28)/(A28-3) -> 0.19696938 | M28: =SUM($G$8:G28) -> 6211.7209 | N28: =M28/J28 -> 4.4296314
A29: 25 | C29: April | D29: 8029 | E29: =(D28*$E$1+D27*$F$1+D26*$G$1)/SUM($E$1:$G$1) -> 8029.0004 | G29: =D29-E29 -> -0.00038927246 | H29: =ABS(G29) -> 0.00038927246 | I29: =SUMSQ($G$8:G29)/(A29-3) -> 3461705.9 | J29: =SUM($H$8:H29)/(A29-3) -> 1338.5696 | K29: =H29/D29 -> 4.8483305e-08 | L29: =SUM($K$8:K29)/(A29-3) -> 0.18801623 | M29: =SUM($G$8:G29) -> 6211.7205 | N29: =M29/J29 -> 4.6405659
A30: 26 | C30: May | D30: 8650 | E30: =(D29*$E$1+D28*$F$1+D27*$G$1)/SUM($E$1:$G$1) -> 7786.7831 | G30: =D30-E30 -> 863.21694 | H30: =ABS(G30) -> 863.21694 | I30: =SUMSQ($G$8:G30)/(A30-3) -> 3343594.5 | J30: =SUM($H$8:H30)/(A30-3) -> 1317.9021 | K30: =H30/D30 -> 0.099793866 | L30: =SUM($K$8:K30)/(A30-3) -> 0.18418048 | M30: =SUM($G$8:G30) -> 7074.9375 | N30: =M30/J30 -> 5.3683331
A31: 27 | C31: June | D31: 9960 | E31: =(D30*$E$1+D29*$F$1+D28*$G$1)/SUM($E$1:$G$1) -> 8600.7432 | G31: =D31-E31 -> 1359.2568 | H31: =ABS(G31) -> 1359.2568 | I31: =SUMSQ($G$8:G31)/(A31-3) -> 3281260.5 | J31: =SUM($H$8:H31)/(A31-3) -> 1319.6252 | K31: =H31/D31 -> 0.13647157 | L31: =SUM($K$8:K31)/(A31-3) -> 0.18219261 | M31: =SUM($G$8:G31) -> 8434.1943 | N31: =M31/J31 -> 6.3913558
A32: 28 | C32: July | D32: 7152 | E32: =(D31*$E$1+D30*$F$1+D29*$G$1)/SUM($E$1:$G$1) -> 9087.3864 | G32: =D32-E32 -> -1935.3864 | H32: =ABS(G32) -> 1935.3864 | I32: =SUMSQ($G$8:G32)/(A32-3) -> 3299838.9 | J32: =SUM($H$8:H32)/(A32-3) -> 1344.2557 | K32: =H32/D32 -> 0.27060771 | L32: =SUM($K$8:K32)/(A32-3) -> 0.18572921 | M32: =SUM($G$8:G32) -> 6498.8079 | N32: =M32/J32 -> 4.8345029
A33: 29 | C33: August | D33: 7322 | E33: =(D32*$E$1+D31*$F$1+D30*$G$1)/SUM($E$1:$G$1) -> 7828.9421 | G33: =D33-E33 -> -506.94212 | H33: =ABS(G33) -> 506.94212 | I33: =SUMSQ($G$8:G33)/(A33-3) -> 3182806.3 | J33: =SUM($H$8:H33)/(A33-3) -> 1312.0513 | K33: =H33/D33 -> 0.069235471 | L33: =SUM($K$8:K33)/(A33-3) -> 0.18124868 | M33: =SUM($G$8:G33) -> 5991.8658 | N33: =M33/J33 -> 4.5667923
A34: 30 | C34: September | D34: 9239 | E34: =(D33*$E$1+D32*$F$1+D31*$G$1)/SUM($E$1:$G$1) -> 8514.105 | G34: =D34-E34 -> 724.89499 | H34: =ABS(G34) -> 724.89499 | I34: =SUMSQ($G$8:G34)/(A34-3) -> 3084386.5 | J34: =SUM($H$8:H34)/(A34-3) -> 1290.3048 | K34: =H34/D34 -> 0.07846033 | L34: =SUM($K$8:K34)/(A34-3) -> 0.17744171 | M34: =SUM($G$8:G34) -> 6716.7608 | N34: =M34/J34 -> 5.2055615
A35: 31 | C35: October | D35: 14123 | E35: =(D34*$E$1+D33*$F$1+D32*$G$1)/SUM($E$1:$G$1) -> 8295.8904 | G35: =D35-E35 -> 5827.1096 | H35: =ABS(G35) -> 5827.1096 | I35: =SUMSQ($G$8:G35)/(A35-3) -> 4186915.8 | J35: =SUM($H$8:H35)/(A35-3) -> 1452.3335 | K35: =H35/D35 -> 0.41259715 | L35: =SUM($K$8:K35)/(A35-3) -> 0.18584012 | M35: =SUM($G$8:G35) -> 12543.87 | N35: =M35/J35 -> 8.6370453
A36: 32 | C36: November | D36: 9566 | E36: =(D35*$E$1+D34*$F$1+D33*$G$1)/SUM($E$1:$G$1) -> 11049.647 | G36: =D36-E36 -> -1483.6466 | H36: =ABS(G36) -> 1483.6466 | I36: =SUMSQ($G$8:G36)/(A36-3) -> 4118443.1 | J36: =SUM($H$8:H36)/(A36-3) -> 1453.4133 | K36: =H36/D36 -> 0.15509582 | L36: =SUM($K$8:K36)/(A36-3) -> 0.18477997 | M36: =SUM($G$8:G36) -> 11060.224 | N36: =M36/J36 -> 7.6098271
A37: 33 | C37: December | D37: 7341 | E37: =(D36*$E$1+D35*$F$1+D34*$G$1)/SUM($E$1:$G$1) -> 9418.2296 | G37: =D37-E37 -> -2077.2296 | H37: =ABS(G37) -> 2077.2296 | I37: =SUMSQ($G$8:G37)/(A37-3) -> 4124991.1 | J37: =SUM($H$8:H37)/(A37-3) -> 1474.2072 | K37: =H37/D37 -> 0.28296276 | L37: =SUM($K$8:K37)/(A37-3) -> 0.18805273 | M37: =SUM($G$8:G37) -> 8982.9942 | N37: =M37/J37 -> 6.0934409
A38: 34 | B38: 2006 | C38: January | D38: 9404 | E38: =(D37*$E$1+D36*$F$1+D35*$G$1)/SUM($E$1:$G$1) -> 10405.767 | G38: =D38-E38 -> -1001.7673 | H38: =ABS(G38) -> 1001.7673 | I38: =SUMSQ($G$8:G38)/(A38-3) -> 4024299.1 | J38: =SUM($H$8:H38)/(A38-3) -> 1458.9672 | K38: =H38/D38 -> 0.10652566 | L38: =SUM($K$8:K38)/(A38-3) -> 0.18542282 | M38: =SUM($G$8:G38) -> 7981.2269 | N38: =M38/J38 -> 5.4704637
A39: 35 | C39: February | D39: 8613 | E39: =(D38*$E$1+D37*$F$1+D36*$G$1)/SUM($E$1:$G$1) -> 9477.2074 | G39: =D39-E39 -> -864.20736 | H39: =ABS(G39) -> 864.20736 | I39: =SUMSQ($G$8:G39)/(A39-3) -> 3921878.9 | J39: =SUM($H$8:H39)/(A39-3) -> 1440.3809 | K39: =H39/D39 -> 0.10033755 | L39: =SUM($K$8:K39)/(A39-3) -> 0.18276391 | M39: =SUM($G$8:G39) -> 7117.0195 | N39: =M39/J39 -> 4.9410676
A40: 36 | C40: March | D40: 9425 | E40: =(D39*$E$1+D38*$F$1+D37*$G$1)/SUM($E$1:$G$1) -> 8038.1867 | G40: =D40-E40 -> 1386.8133 | H40: =ABS(G40) -> 1386.8133 | I40: =SUMSQ($G$8:G40)/(A40-3) -> 3861314.4 | J40: =SUM($H$8:H40)/(A40-3) -> 1438.7577 | K40: =H40/D40 -> 0.147142 | L40: =SUM($K$8:K40)/(A40-3) -> 0.18168446 | M40: =SUM($G$8:G40) -> 8503.8328 | N40: =M40/J40 -> 5.9105387
A41: 37 | C41: April | D41: 10905 | E41: =(D40*$E$1+D39*$F$1+D38*$G$1)/SUM($E$1:$G$1) -> 9415.5102 | G41: =D41-E41 -> 1489.4898 | H41: =ABS(G41) -> 1489.4898 | I41: =SUMSQ($G$8:G41)/(A41-3) -> 3812998.7 | J41: =SUM($H$8:H41)/(A41-3) -> 1440.2498 | K41: =H41/D41 -> 0.13658779 | L41: =SUM($K$8:K41)/(A41-3) -> 0.18035808 | M41: =SUM($G$8:G41) -> 9993.3227 | N41: =M41/J41 -> 6.9386039
A42: 38 | C42: May | D42: 9842 | E42: =(D41*$E$1+D40*$F$1+D39*$G$1)/SUM($E$1:$G$1) -> 9869.2514 | G42: =D42-E42 -> -27.251449 | H42: =ABS(G42) -> 27.251449 | I42: =SUMSQ($G$8:G42)/(A42-3) -> 3704077.1 | J42: =SUM($H$8:H42)/(A42-3) -> 1399.8784 | K42: =H42/D42 -> 0.0027688935 | L42: =SUM($K$8:K42)/(A42-3) -> 0.17528411 | M42: =SUM($G$8:G42) -> 9966.0712 | N42: =M42/J42 -> 7.1192407
A43: 39 | C43: June | D43: 12259 | E43: =(D42*$E$1+D41*$F$1+D40*$G$1)/SUM($E$1:$G$1) -> 9653.5588 | G43: =D43-E43 -> 2605.4412 | H43: =ABS(G43) -> 2605.4412 | I43: =SUMSQ($G$8:G43)/(A43-3) -> 3789750.6 | J43: =SUM($H$8:H43)/(A43-3) -> 1433.3663 | K43: =H43/D43 -> 0.21253293 | L43: =SUM($K$8:K43)/(A43-3) -> 0.1763188 | M43: =SUM($G$8:G43) -> 12571.512 | N43: =M43/J43 -> 8.7706212
A44: 40 | C44: July | D44: 9285 | E44: =(D43*$E$1+D42*$F$1+D41*$G$1)/SUM($E$1:$G$1) -> 11647.131 | G44: =D44-E44 -> -2362.1311 | H44: =ABS(G44) -> 2362.1311 | I44: =SUMSQ($G$8:G44)/(A44-3) -> 3838126.6 | J44: =SUM($H$8:H44)/(A44-3) -> 1458.468 | K44: =H44/D44 -> 0.25440292 | L44: =SUM($K$8:K44)/(A44-3) -> 0.17842918 | M44: =SUM($G$8:G44) -> 10209.381 | N44: =M44/J44 -> 7.0000722
A45: 41 | C45: August | D45: 7950 | E45: =(D44*$E$1+D43*$F$1+D42*$G$1)/SUM($E$1:$G$1) -> 9536.7068 | G45: =D45-E45 -> -1586.7068 | H45: =ABS(G45) -> 1586.7068 | I45: =SUMSQ($G$8:G45)/(A45-3) -> 3803377 | J45: =SUM($H$8:H45)/(A45-3) -> 1461.8427 | K45: =H45/D45 -> 0.19958576 | L45: =SUM($K$8:K45)/(A45-3) -> 0.17898593 | M45: =SUM($G$8:G45) -> 8622.6745 | N45: =M45/J45 -> 5.8984968
A46: 42 | C46: September | D46: 11482 | E46: =(D45*$E$1+D44*$F$1+D43*$G$1)/SUM($E$1:$G$1) -> 9897.2254 | G46: =D46-E46 -> 1584.7746 | H46: =ABS(G46) -> 1584.7746 | I46: =SUMSQ($G$8:G46)/(A46-3) -> 3770252.2 | J46: =SUM($H$8:H46)/(A46-3) -> 1464.9948 | K46: =H46/D46 -> 0.13802253 | L46: =SUM($K$8:K46)/(A46-3) -> 0.17793559 | M46: =SUM($G$8:G46) -> 10207.449 | N46: =M46/J46 -> 6.9675668
A47: 43 | C47: October | D47: 15817 | E47: =(D46*$E$1+D45*$F$1+D44*$G$1)/SUM($E$1:$G$1) -> 10489.182 | G47: =D47-E47 -> 5327.8183 | H47: =ABS(G47) -> 5327.8183 | I47: =SUMSQ($G$8:G47)/(A47-3) -> 4385637.1 | J47: =SUM($H$8:H47)/(A47-3) -> 1561.5654 | K47: =H47/D47 -> 0.33684127 | L47: =SUM($K$8:K47)/(A47-3) -> 0.18190823 | M47: =SUM($G$8:G47) -> 15535.267 | N47: =M47/J47 -> 9.9485219
A48: 44 | C48: November | D48: 10288 | E48: =(D47*$E$1+D46*$F$1+D45*$G$1)/SUM($E$1:$G$1) -> 12261.924 | G48: =D48-E48 -> -1973.9242 | H48: =ABS(G48) -> 1973.9242 | I48: =SUMSQ($G$8:G48)/(A48-3) -> 4373703.9 | J48: =SUM($H$8:H48)/(A48-3) -> 1571.6229 | K48: =H48/D48 -> 0.19186666 | L48: =SUM($K$8:K48)/(A48-3) -> 0.18215112 | M48: =SUM($G$8:G48) -> 13561.343 | N48: =M48/J48 -> 8.6288785
A49: 45 | C49: December | D49: 8743 | E49: =(D48*$E$1+D47*$F$1+D46*$G$1)/SUM($E$1:$G$1) -> 10827.565 | G49: =D49-E49 -> -2084.5653 | H49: =ABS(G49) -> 2084.5653 | I49: =SUMSQ($G$8:G49)/(A49-3) -> 4373030.3 | J49: =SUM($H$8:H49)/(A49-3) -> 1583.8358 | K49: =H49/D49 -> 0.23842678 | L49: =SUM($K$8:K49)/(A49-3) -> 0.18349101 | M49: =SUM($G$8:G49) -> 11476.778 | N49: =M49/J49 -> 7.2461916
A50: 46 | B50: 2007 | C50: January | D50: 10419 | E50: =(D49*$E$1+D48*$F$1+D47*$G$1)/SUM($E$1:$G$1) -> 11939.721 | G50: =D50-E50 -> -1520.7213 | H50: =ABS(G50) -> 1520.7213 | I50: =SUMSQ($G$8:G50)/(A50-3) -> 4325113.1 | J50: =SUM($H$8:H50)/(A50-3) -> 1582.3681 | K50: =H50/D50 -> 0.14595655 | L50: =SUM($K$8:K50)/(A50-3) -> 0.18261812 | M50: =SUM($G$8:G50) -> 9956.0567 | N50: =M50/J50 -> 6.2918716
A51: 47 | C51: February | D51: 8801 | E51: =(D50*$E$1+D49*$F$1+D48*$G$1)/SUM($E$1:$G$1) -> 10359.801 | G51: =D51-E51 -> -1558.8015 | H51: =ABS(G51) -> 1558.8015 | I51: =SUMSQ($G$8:G51)/(A51-3) -> 4282039.3 | J51: =SUM($H$8:H51)/(A51-3) -> 1581.8325 | K51: =H51/D51 -> 0.1771164 | L51: =SUM($K$8:K51)/(A51-3) -> 0.18249308 | M51: =SUM($G$8:G51) -> 8397.2552 | N51: =M51/J51 -> 5.3085617
A52: 48 | C52: March | D52: 8631 | E52: =(D51*$E$1+D50*$F$1+D49*$G$1)/SUM($E$1:$G$1) -> 8774.79 | G52: =D52-E52 -> -143.78996 | H52: =ABS(G52) -> 143.78996 | I52: =SUMSQ($G$8:G52)/(A52-3) -> 4187342.3 | J52: =SUM($H$8:H52)/(A52-3) -> 1549.876 | K52: =H52/D52 -> 0.01665971 | L52: =SUM($K$8:K52)/(A52-3) -> 0.17880789 | M52: =SUM($G$8:G52) -> 8253.4653 | N52: =M52/J52 -> 5.3252425
A53: 49 | C53: April | D53: 9682 | E53: =(D52*$E$1+D51*$F$1+D50*$G$1)/SUM($E$1:$G$1) -> 9438.9923 | G53: =D53-E53 -> 243.00768 | H53: =ABS(G53) -> 243.00768 | I53: =SUMSQ($G$8:G53)/(A53-3) -> 4097596.9 | J53: =SUM($H$8:H53)/(A53-3) -> 1521.4658 | K53: =H53/D53 -> 0.025098913 | L53: =SUM($K$8:K53)/(A53-3) -> 0.17546639 | M53: =SUM($G$8:G53) -> 8496.4729 | N53: =M53/J53 -> 5.5843996
A54: 50 | C54: May | D54: 9052 | E54: =(D53*$E$1+D52*$F$1+D51*$G$1)/SUM($E$1:$G$1) -> 9283.8785 | G54: =D54-E54 -> -231.8785 | H54: =ABS(G54) -> 231.8785 | I54: =SUMSQ($G$8:G54)/(A54-3) -> 4011557.9 | J54: =SUM($H$8:H54)/(A54-3) -> 1494.0278 | K54: =H54/D54 -> 0.025616273 | L54: =SUM($K$8:K54)/(A54-3) -> 0.17227809 | M54: =SUM($G$8:G54) -> 8264.5944 | N54: =M54/J54 -> 5.5317543
A55: 51 | C55: June | D55: 11477 | E55: =(D54*$E$1+D53*$F$1+D52*$G$1)/SUM($E$1:$G$1) -> 8861.7512 | G55: =D55-E55 -> 2615.2488 | H55: =ABS(G55) -> 2615.2488 | I55: =SUMSQ($G$8:G55)/(A55-3) -> 4070473.9 | J55: =SUM($H$8:H55)/(A55-3) -> 1517.3865 | K55: =H55/D55 -> 0.22786867 | L55: =SUM($K$8:K55)/(A55-3) -> 0.17343623 | M55: =SUM($G$8:G55) -> 10879.843 | N55: =M55/J55 -> 7.1701198
A56: 52 | C56: July | D56: 8242 | E56: =(D55*$E$1+D54*$F$1+D53*$G$1)/SUM($E$1:$G$1) -> 10665.844 | G56: =D56-E56 -> -2423.8444 | H56: =ABS(G56) -> 2423.8444 | I56: =SUMSQ($G$8:G56)/(A56-3) -> 4107301.4 | J56: =SUM($H$8:H56)/(A56-3) -> 1535.8857 | K56: =H56/D56 -> 0.29408449 | L56: =SUM($K$8:K56)/(A56-3) -> 0.17589844 | M56: =SUM($G$8:G56) -> 8455.9988 | N56: =M56/J56 -> 5.5056174
A57: 53 | C57: August | D57: 7674 | E57: =(D56*$E$1+D55*$F$1+D54*$G$1)/SUM($E$1:$G$1) -> 8608.0368 | G57: =D57-E57 -> -934.03679 | H57: =ABS(G57) -> 934.03679 | I57: =SUMSQ($G$8:G57)/(A57-3) -> 4042603.9 | J57: =SUM($H$8:H57)/(A57-3) -> 1523.8487 | K57: =H57/D57 -> 0.12171446 | L57: =SUM($K$8:K57)/(A57-3) -> 0.17481476 | M57: =SUM($G$8:G57) -> 7521.962 | N57: =M57/J57 -> 4.9361607
A58: 54 | C58: September | D58: 10339 | E58: =(D57*$E$1+D56*$F$1+D55*$G$1)/SUM($E$1:$G$1) -> 9392.5653 | G58: =D58-E58 -> 946.43467 | H58: =ABS(G58) -> 946.43467 | I58: =SUMSQ($G$8:G58)/(A58-3) -> 3980900.7 | J58: =SUM($H$8:H58)/(A58-3) -> 1512.5268 | K58: =H58/D58 -> 0.091540252 | L58: =SUM($K$8:K58)/(A58-3) -> 0.17318193 | M58: =SUM($G$8:G58) -> 8468.3967 | N58: =M58/J58 -> 5.5988406
A59: 55 | C59: October | D59: 13919 | E59: =(D58*$E$1+D57*$F$1+D56*$G$1)/SUM($E$1:$G$1) -> 9391.3714 | G59: =D59-E59 -> 4527.6286 | H59: =ABS(G59) -> 4527.6286 | I59: =SUMSQ($G$8:G59)/(A59-3) -> 4298564.5 | J59: =SUM($H$8:H59)/(A59-3) -> 1570.5096 | K59: =H59/D59 -> 0.32528404 | L59: =SUM($K$8:K59)/(A59-3) -> 0.17610697 | M59: =SUM($G$8:G59) -> 12996.025 | N59: =M59/J59 -> 8.2750373
A60: 56 | C60: November | D60: 10531 | E60: =(D59*$E$1+D58*$F$1+D57*$G$1)/SUM($E$1:$G$1) -> 11096.902 | G60: =D60-E60 -> -565.90153 | H60: =ABS(G60) -> 565.90153 | I60: =SUMSQ($G$8:G60)/(A60-3) -> 4223501.9 | J60: =SUM($H$8:H60)/(A60-3) -> 1551.5547 | K60: =H60/D60 -> 0.053736732 | L60: =SUM($K$8:K60)/(A60-3) -> 0.1737981 | M60: =SUM($G$8:G60) -> 12430.124 | N60: =M60/J60 -> 8.011399
A61: 57 | C61: December | D61: 8435 | E61: =(D60*$E$1+D59*$F$1+D58*$G$1)/SUM($E$1:$G$1) -> 10444.236 | G61: =D61-E61 -> -2009.2357 | H61: =ABS(G61) -> 2009.2357 | I61: =SUMSQ($G$8:G61)/(A61-3) -> 4220048.7 | J61: =SUM($H$8:H61)/(A61-3) -> 1560.0303 | K61: =H61/D61 -> 0.23820222 | L61: =SUM($K$8:K61)/(A61-3) -> 0.17499076 | M61: =SUM($G$8:G61) -> 10420.888 | N61: =M61/J61 -> 6.6799268
A62: 58 | B62: 2008 | C62: January | D62: 9750 | E62: =(D61*$E$1+D60*$F$1+D59*$G$1)/SUM($E$1:$G$1) -> 10913.205 | G62: =D62-E62 -> -1163.2046 | H62: =ABS(G62) -> 1163.2046 | I62: =SUMSQ($G$8:G62)/(A62-3) -> 4167921.3 | J62: =SUM($H$8:H62)/(A62-3) -> 1552.8153 | K62: =H62/D62 -> 0.11930304 | L62: =SUM($K$8:K62)/(A62-3) -> 0.17397826 | M62: =SUM($G$8:G62) -> 9257.6834 | N62: =M62/J62 -> 5.9618704
A63: 59 | C63: February | D63: 8477 | E63: =(D62*$E$1+D61*$F$1+D60*$G$1)/SUM($E$1:$G$1) -> 10102.932 | G63: =D63-E63 -> -1625.9318 | H63: =ABS(G63) -> 1625.9318 | I63: =SUMSQ($G$8:G63)/(A63-3) -> 4140702.3 | J63: =SUM($H$8:H63)/(A63-3) -> 1554.1209 | K63: =H63/D63 -> 0.19180509 | L63: =SUM($K$8:K63)/(A63-3) -> 0.1742966 | M63: =SUM($G$8:G63) -> 7631.7516 | N63: =M63/J63 -> 4.910655
A64: 60 | C64: March | D64: 9814 | E64: =(D63*$E$1+D62*$F$1+D61*$G$1)/SUM($E$1:$G$1) -> 8458.0203 | G64: =D64-E64 -> 1355.9797 | H64: =ABS(G64) -> 1355.9797 | I64: =SUMSQ($G$8:G64)/(A64-3) -> 4100315.9 | J64: =SUM($H$8:H64)/(A64-3) -> 1550.6448 | K64: =H64/D64 -> 0.13816789 | L64: =SUM($K$8:K64)/(A64-3) -> 0.17366276 | M64: =SUM($G$8:G64) -> 8987.7313 | N64: =M64/J64 -> 5.7961253
A65: 61 | C65: April | D65: 10684 | E65: =(D64*$E$1+D63*$F$1+D62*$G$1)/SUM($E$1:$G$1) -> 9785.0786 | G65: =D65-E65 -> 898.92143 | H65: =ABS(G65) -> 898.92143 | I65: =SUMSQ($G$8:G65)/(A65-3) -> 4043552.9 | J65: =SUM($H$8:H65)/(A65-3) -> 1539.4081 | K65: =H65/D65 -> 0.084137161 | L65: =SUM($K$8:K65)/(A65-3) -> 0.17211921 | M65: =SUM($G$8:G65) -> 9886.6527 | N65: =M65/J65 -> 6.4223726
A66: 62 | C66: May | D66: 11693 | E66: =(D65*$E$1+D64*$F$1+D63*$G$1)/SUM($E$1:$G$1) -> 9686.6627 | G66: =D66-E66 -> 2006.3373 | H66: =ABS(G66) -> 2006.3373 | I66: =SUMSQ($G$8:G66)/(A66-3) -> 4043245 | J66: =SUM($H$8:H66)/(A66-3) -> 1547.3222 | K66: =H66/D66 -> 0.17158448 | L66: =SUM($K$8:K66)/(A66-3) -> 0.17211015 | M66: =SUM($G$8:G66) -> 11892.99 | N66: =M66/J66 -> 7.6861755
A67: 63 | C67: June | D67: 14439 | E67: =(D66*$E$1+D65*$F$1+D64*$G$1)/SUM($E$1:$G$1) -> 10843.885 | G67: =D67-E67 -> 3595.115 | H67: =ABS(G67) -> 3595.115 | I67: =SUMSQ($G$8:G67)/(A67-3) -> 4191271.8 | J67: =SUM($H$8:H67)/(A67-3) -> 1581.4521 | K67: =H67/D67 -> 0.24898642 | L67: =SUM($K$8:K67)/(A67-3) -> 0.17339142 | M67: =SUM($G$8:G67) -> 15488.105 | N67: =M67/J67 -> 9.7935974
A68: 64 | C68: July | D68: 9081 | E68: =(D67*$E$1+D66*$F$1+D65*$G$1)/SUM($E$1:$G$1) -> 12742.126 | G68: =D68-E68 -> -3661.1257 | H68: =ABS(G68) -> 3661.1257 | I68: =SUMSQ($G$8:G68)/(A68-3) -> 4342297.5 | J68: =SUM($H$8:H68)/(A68-3) -> 1615.5451 | K68: =H68/D68 -> 0.40316328 | L68: =SUM($K$8:K68)/(A68-3) -> 0.17715817 | M68: =SUM($G$8:G68) -> 11826.979 | N68: =M68/J68 -> 7.3207361
A69: 65 | C69: August | D69: 9781 | E69: =(D68*$E$1+D67*$F$1+D66*$G$1)/SUM($E$1:$G$1) -> 10261.356 | G69: =D69-E69 -> -480.35568 | H69: =ABS(G69) -> 480.35568 | I69: =SUMSQ($G$8:G69)/(A69-3) -> 4275982.1 | J69: =SUM($H$8:H69)/(A69-3) -> 1597.2356 | K69: =H69/D69 -> 0.049111101 | L69: =SUM($K$8:K69)/(A69-3) -> 0.1750929 | M69: =SUM($G$8:G69) -> 11346.624 | N69: =M69/J69 -> 7.1039136
A70: 66 | C70: September | D70: 10307 | E70: =(D69*$E$1+D68*$F$1+D67*$G$1)/SUM($E$1:$G$1) -> 11885.937 | G70: =D70-E70 -> -1578.9375 | H70: =ABS(G70) -> 1578.9375 | I70: =SUMSQ($G$8:G70)/(A70-3) -> 4247681.5 | J70: =SUM($H$8:H70)/(A70-3) -> 1596.9451 | K70: =H70/D70 -> 0.15319079 | L70: =SUM($K$8:K70)/(A70-3) -> 0.17474525 | M70: =SUM($G$8:G70) -> 9767.686 | N70: =M70/J70 -> 6.1164819
A71: 67 | C71: October | D71: 14800 | E71: =(D70*$E$1+D69*$F$1+D68*$G$1)/SUM($E$1:$G$1) -> 9752.9739 | G71: =D71-E71 -> 5047.0261 | H71: =ABS(G71) -> 5047.0261 | I71: =SUMSQ($G$8:G71)/(A71-3) -> 4579318.9 | J71: =SUM($H$8:H71)/(A71-3) -> 1650.8526 | K71: =H71/D71 -> 0.34101527 | L71: =SUM($K$8:K71)/(A71-3) -> 0.17734322 | M71: =SUM($G$8:G71) -> 14814.712 | N71: =M71/J71 -> 8.973976
A72: 68 | C72: November | D72: 7960 | E72: =(D71*$E$1+D70*$F$1+D69*$G$1)/SUM($E$1:$G$1) -> 12531.928 | G72: =D72-E72 -> -4571.9276 | H72: =ABS(G72) -> 4571.9276 | I72: =SUMSQ($G$8:G72)/(A72-3) -> 4830445.1 | J72: =SUM($H$8:H72)/(A72-3) -> 1695.7923 | K72: =H72/D72 -> 0.57436276 | L72: =SUM($K$8:K72)/(A72-3) -> 0.18345121 | M72: =SUM($G$8:G72) -> 10242.785 | N72: =M72/J72 -> 6.0401175
A73: 69 | C73: December | D73: 6858 | E73: =(D72*$E$1+D71*$F$1+D70*$G$1)/SUM($E$1:$G$1) -> 9020.6029 | G73: =D73-E73 -> -2162.6029 | H73: =ABS(G73) -> 2162.6029 | I73: =SUMSQ($G$8:G73)/(A73-3) -> 4828117.9 | J73: =SUM($H$8:H73)/(A73-3) -> 1702.8652 | K73: =H73/D73 -> 0.31534017 | L73: =SUM($K$8:K73)/(A73-3) -> 0.18544953 | M73: =SUM($G$8:G73) -> 8080.1816 | N73: =M73/J73 -> 4.7450508
A74: 70 | B74: 2009 | C74: January | D74: 9438 | E74: =(D73*$E$1+D72*$F$1+D71*$G$1)/SUM($E$1:$G$1) -> 10446.968 | G74: =D74-E74 -> -1008.9681 | H74: =ABS(G74) -> 1008.9681 | I74: =SUMSQ($G$8:G74)/(A74-3) -> 4771250.7 | J74: =SUM($H$8:H74)/(A74-3) -> 1692.5085 | K74: =H74/D74 -> 0.10690487 | L74: =SUM($K$8:K74)/(A74-3) -> 0.18427722 | M74: =SUM($G$8:G74) -> 7071.2135 | N74: =M74/J74 -> 4.1779486
A75: 71 | C75: February | D75: 8487 | E75: =(D74*$E$1+D73*$F$1+D72*$G$1)/SUM($E$1:$G$1) -> 8770.0958 | G75: =D75-E75 -> -283.09583 | H75: =ABS(G75) -> 283.09583 | I75: =SUMSQ($G$8:G75)/(A75-3) -> 4702263.8 | J75: =SUM($H$8:H75)/(A75-3) -> 1671.7818 | K75: =H75/D75 -> 0.033356407 | L75: =SUM($K$8:K75)/(A75-3) -> 0.18205779 | M75: =SUM($G$8:G75) -> 6788.1176 | N75: =M75/J75 -> 4.0604088
A76: 72 | C76: March | D76: 10609 | E76: =(D75*$E$1+D74*$F$1+D73*$G$1)/SUM($E$1:$G$1) -> 7750.8593 | G76: =D76-E76 -> 2858.1407 | H76: =ABS(G76) -> 2858.1407 | I76: =SUMSQ($G$8:G76)/(A76-3) -> 4752505.9 | J76: =SUM($H$8:H76)/(A76-3) -> 1688.9754 | K76: =H76/D76 -> 0.26940717 | L76: =SUM($K$8:K76)/(A76-3) -> 0.18332373 | M76: =SUM($G$8:G76) -> 9646.2583 | N76: =M76/J76 -> 5.7113077
A77: 73 | C77: April | D77: 11282 | E77: =(D76*$E$1+D75*$F$1+D74*$G$1)/SUM($E$1:$G$1) -> 10079.828 | G77: =D77-E77 -> 1202.1717 | H77: =ABS(G77) -> 1202.1717 | I77: =SUMSQ($G$8:G77)/(A77-3) -> 4705258.9 | J77: =SUM($H$8:H77)/(A77-3) -> 1682.0211 | K77: =H77/D77 -> 0.10655661 | L77: =SUM($K$8:K77)/(A77-3) -> 0.18222705 | M77: =SUM($G$8:G77) -> 10848.43 | N77: =M77/J77 -> 6.4496397
A78: 74 | C78: May | D78: 12870 | E78: =(D77*$E$1+D76*$F$1+D75*$G$1)/SUM($E$1:$G$1) -> 10018.947 | G78: =D78-E78 -> 2851.0529 | H78: =ABS(G78) -> 2851.0529 | I78: =SUMSQ($G$8:G78)/(A78-3) -> 4753473.6 | J78: =SUM($H$8:H78)/(A78-3) -> 1698.4863 | K78: =H78/D78 -> 0.22152703 | L78: =SUM($K$8:K78)/(A78-3) -> 0.18278057 | M78: =SUM($G$8:G78) -> 13699.483 | N78: =M78/J78 -> 8.065701
A79: 75 | C79: June | D79: 17811 | E79: =(D78*$E$1+D77*$F$1+D76*$G$1)/SUM($E$1:$G$1) -> 11848.26 | G79: =D79-E79 -> 5962.7397 | H79: =ABS(G79) -> 5962.7397 | I79: =SUMSQ($G$8:G79)/(A79-3) -> 5181262.4 | J79: =SUM($H$8:H79)/(A79-3) -> 1757.7121 | K79: =H79/D79 -> 0.33477849 | L79: =SUM($K$8:K79)/(A79-3) -> 0.18489166 | M79: =SUM($G$8:G79) -> 19662.223 | N79: =M79/J79 -> 11.186259
A80: 76 | C80: July | D80: 12128 | E80: =(D79*$E$1+D78*$F$1+D77*$G$1)/SUM($E$1:$G$1) -> 14860.563 | G80: =D80-E80 -> -2732.5627 | H80: =ABS(G80) -> 2732.5627 | I80: =SUMSQ($G$8:G80)/(A80-3) -> 5212572.5 | J80: =SUM($H$8:H80)/(A80-3) -> 1771.0662 | K80: =H80/D80 -> 0.22531025 | L80: =SUM($K$8:K80)/(A80-3) -> 0.18544534 | M80: =SUM($G$8:G80) -> 16929.66 | N80: =M80/J80 -> 9.5590216
A81: 77 | C81: August | D81: 10161 | E81: =(D80*$E$1+D79*$F$1+D78*$G$1)/SUM($E$1:$G$1) -> 12463.308 | G81: =D81-E81 -> -2302.3078 | H81: =ABS(G81) -> 2302.3078 | I81: =SUMSQ($G$8:G81)/(A81-3) -> 5213762.3 | J81: =SUM($H$8:H81)/(A81-3) -> 1778.2451 | K81: =H81/D81 -> 0.22658279 | L81: =SUM($K$8:K81)/(A81-3) -> 0.18600125 | M81: =SUM($G$8:G81) -> 14627.352 | N81: =M81/J81 -> 8.2257232
A82: 78 | C82: September | D82: 16359 | E82: =(D81*$E$1+D80*$F$1+D79*$G$1)/SUM($E$1:$G$1) -> 13618.014 | G82: =D82-E82 -> 2740.9859 | H82: =ABS(G82) -> 2740.9859 | I82: =SUMSQ($G$8:G82)/(A82-3) -> 5244418.9 | J82: =SUM($H$8:H82)/(A82-3) -> 1791.0817 | K82: =H82/D82 -> 0.16755216 | L82: =SUM($K$8:K82)/(A82-3) -> 0.18575526 | M82: =SUM($G$8:G82) -> 17368.338 | N82: =M82/J82 -> 9.6971223
A83: 79 | C83: October | D83: 17796 | E83: =(D82*$E$1+D81*$F$1+D80*$G$1)/SUM($E$1:$G$1) -> 14447.023 | G83: =D83-E83 -> 3348.9774 | H83: =ABS(G83) -> 3348.9774 | I83: =SUMSQ($G$8:G83)/(A83-3) -> 5322987.7 | J83: =SUM($H$8:H83)/(A83-3) -> 1811.5803 | K83: =H83/D83 -> 0.18818708 | L83: =SUM($K$8:K83)/(A83-3) -> 0.18578726 | M83: =SUM($G$8:G83) -> 20717.315 | N83: =M83/J83 -> 11.436046
A84: 80 | C84: November | D84: 11604 | E84: =(D83*$E$1+D82*$F$1+D81*$G$1)/SUM($E$1:$G$1) -> 14345.764 | G84: =D84-E84 -> -2741.7643 | H84: =ABS(G84) -> 2741.7643 | I84: =SUMSQ($G$8:G84)/(A84-3) -> 5351484.9 | J84: =SUM($H$8:H84)/(A84-3) -> 1823.6606 | K84: =H84/D84 -> 0.23627752 | L84: =SUM($K$8:K84)/(A84-3) -> 0.18644298 | M84: =SUM($G$8:G84) -> 17975.551 | N84: =M84/J84 -> 9.8568511
A85: 81 | C85: December | D85: 11517 | E85: =(D84*$E$1+D83*$F$1+D82*$G$1)/SUM($E$1:$G$1) -> 13752.772 | G85: =D85-E85 -> -2235.7715 | H85: =ABS(G85) -> 2235.7715 | I85: =SUMSQ($G$8:G85)/(A85-3) -> 5346961.7 | J85: =SUM($H$8:H85)/(A85-3) -> 1828.9441 | K85: =H85/D85 -> 0.19412794 | L85: =SUM($K$8:K85)/(A85-3) -> 0.1865415 | M85: =SUM($G$8:G85) -> 15739.78 | N85: =M85/J85 -> 8.6059381
A86: 82 | B86: 2010 | C86: January | D86: 15925 | E86: =(D85*$E$1+D84*$F$1+D83*$G$1)/SUM($E$1:$G$1) -> 14354.463 | G86: =D86-E86 -> 1570.537 | H86: =ABS(G86) -> 1570.537 | I86: =SUMSQ($G$8:G86)/(A86-3) -> 5310501.2 | J86: =SUM($H$8:H86)/(A86-3) -> 1825.6731 | K86: =H86/D86 -> 0.098620849 | L86: =SUM($K$8:K86)/(A86-3) -> 0.18542858 | M86: =SUM($G$8:G86) -> 17310.317 | N86: =M86/J86 -> 9.4816079
A87: 83 | C87: February | D87: 13532 | E87: =(D86*$E$1+D85*$F$1+D84*$G$1)/SUM($E$1:$G$1) -> 13972.352 | G87: =D87-E87 -> -440.35188 | H87: =ABS(G87) -> 440.35188 | I87: =SUMSQ($G$8:G87)/(A87-3) -> 5246543.9 | J87: =SUM($H$8:H87)/(A87-3) -> 1808.3566 | K87: =H87/D87 -> 0.032541522 | L87: =SUM($K$8:K87)/(A87-3) -> 0.18351749 | M87: =SUM($G$8:G87) -> 16869.965 | N87: =M87/J87 -> 9.3288927
A88: 84 | C88: March | D88: 14648 | E88: =(D87*$E$1+D86*$F$1+D85*$G$1)/SUM($E$1:$G$1) -> 12621.427 | G88: =D88-E88 -> 2026.573 | H88: =ABS(G88) -> 2026.573 | I88: =SUMSQ($G$8:G88)/(A88-3) -> 5232475.4 | J88: =SUM($H$8:H88)/(A88-3) -> 1811.0506 | K88: =H88/D88 -> 0.13835152 | L88: =SUM($K$8:K88)/(A88-3) -> 0.18295989 | M88: =SUM($G$8:G88) -> 18896.538 | N88: =M88/J88 -> 10.43402
A89: 85 | C89: April | D89: 15697 | E89: =(D88*$E$1+D87*$F$1+D86*$G$1)/SUM($E$1:$G$1) -> 15225.073 | G89: =D89-E89 -> 471.92718 | H89: =ABS(G89) -> 471.92718 | I89: =SUMSQ($G$8:G89)/(A89-3) -> 5171380.7 | J89: =SUM($H$8:H89)/(A89-3) -> 1794.7198 | K89: =H89/D89 -> 0.030064801 | L89: =SUM($K$8:K89)/(A89-3) -> 0.18109531 | M89: =SUM($G$8:G89) -> 19368.465 | N89: =M89/J89 -> 10.791915
A90: 86 | C90: May | D90: 16653 | E90: =(D89*$E$1+D88*$F$1+D87*$G$1)/SUM($E$1:$G$1) -> 14718.642 | G90: =D90-E90 -> 1934.3576 | H90: =ABS(G90) -> 1934.3576 | I90: =SUMSQ($G$8:G90)/(A90-3) -> 5154156.2 | J90: =SUM($H$8:H90)/(A90-3) -> 1796.4022 | K90: =H90/D90 -> 0.1161567 | L90: =SUM($K$8:K90)/(A90-3) -> 0.18031292 | M90: =SUM($G$8:G90) -> 21302.822 | N90: =M90/J90 -> 11.858604
A91: 87 | C91: June | D91: 15411 | E91: =(D90*$E$1+D89*$F$1+D88*$G$1)/SUM($E$1:$G$1) -> 15746.946 | G91: =D91-E91 -> -335.94597 | H91: =ABS(G91) -> 335.94597 | I91: =SUMSQ($G$8:G91)/(A91-3) -> 5094140.7 | J91: =SUM($H$8:H91)/(A91-3) -> 1779.0158 | K91: =H91/D91 -> 0.021799102 | L91: =SUM($K$8:K91)/(A91-3) -> 0.17842585 | M91: =SUM($G$8:G91) -> 20966.876 | N91: =M91/J91 -> 11.78566
A92: 88 | C92: July | D92: 13534 | E92: =(D91*$E$1+D90*$F$1+D89*$G$1)/SUM($E$1:$G$1) -> 15540.243 | G92: =D92-E92 -> -2006.2426 | H92: =ABS(G92) -> 2006.2426 | I92: =SUMSQ($G$8:G92)/(A92-3) -> 5081562.7 | J92: =SUM($H$8:H92)/(A92-3) -> 1781.6891 | K92: =H92/D92 -> 0.14823723 | L92: =SUM($K$8:K92)/(A92-3) -> 0.17807069 | M92: =SUM($G$8:G92) -> 18960.634 | N92: =M92/J92 -> 10.641943
A93: 89 | C93: August | D93: 12454 | E93: =(D92*$E$1+D91*$F$1+D90*$G$1)/SUM($E$1:$G$1) -> 14943.468 | G93: =D93-E93 -> -2489.4676 | H93: =ABS(G93) -> 2489.4676 | I93: =SUMSQ($G$8:G93)/(A93-3) -> 5094538.1 | J93: =SUM($H$8:H93)/(A93-3) -> 1789.9191 | K93: =H93/D93 -> 0.19989301 | L93: =SUM($K$8:K93)/(A93-3) -> 0.17832444 | M93: =SUM($G$8:G93) -> 16471.166 | N93: =M93/J93 -> 9.2021848
A94: 90 | C94: September | D94: 16300 | E94: =(D93*$E$1+D92*$F$1+D91*$G$1)/SUM($E$1:$G$1) -> 13790.26 | G94: =D94-E94 -> 2509.7398 | H94: =ABS(G94) -> 2509.7398 | I94: =SUMSQ($G$8:G94)/(A94-3) -> 5108380.1 | J94: =SUM($H$8:H94)/(A94-3) -> 1798.1929 | K94: =H94/D94 -> 0.15397176 | L94: =SUM($K$8:K94)/(A94-3) -> 0.17804452 | M94: =SUM($G$8:G94) -> 18980.906 | N94: =M94/J94 -> 10.555545
A95: 91 | C95: October | D95: 23378 | E95: =(D94*$E$1+D93*$F$1+D92*$G$1)/SUM($E$1:$G$1) -> 15050.052 | G95: =D95-E95 -> 8327.9479 | H95: =ABS(G95) -> 8327.9479 | I95: =SUMSQ($G$8:G95)/(A95-3) -> 5838452.1 | J95: =SUM($H$8:H95)/(A95-3) -> 1872.3946 | K95: =H95/D95 -> 0.35623012 | L95: =SUM($K$8:K95)/(A95-3) -> 0.18006936 | M95: =SUM($G$8:G95) -> 27308.854 | N95: =M95/J95 -> 14.584988
A96: 92 | C96: November | D96: 16975 | E96: =(D95*$E$1+D94*$F$1+D93*$G$1)/SUM($E$1:$G$1) -> 18441.474 | G96: =D96-E96 -> -1466.4742 | H96: =ABS(G96) -> 1466.4742 | I96: =SUMSQ($G$8:G96)/(A96-3) -> 5797015 | J96: =SUM($H$8:H96)/(A96-3) -> 1867.8337 | K96: =H96/D96 -> 0.086390232 | L96: =SUM($K$8:K96)/(A96-3) -> 0.17901679 | M96: =SUM($G$8:G96) -> 25842.38 | N96: =M96/J96 -> 13.835482
A97: 93 | C97: December | D97: 15135 | E97: =(D96*$E$1+D95*$F$1+D94*$G$1)/SUM($E$1:$G$1) -> 16669.969 | G97: =D97-E97 -> -1534.9693 | H97: =ABS(G97) -> 1534.9693 | I97: =SUMSQ($G$8:G97)/(A97-3) -> 5758782.9 | J97: =SUM($H$8:H97)/(A97-3) -> 1864.1352 | K97: =H97/D97 -> 0.10141852 | L97: =SUM($K$8:K97)/(A97-3) -> 0.17815458 | M97: =SUM($G$8:G97) -> 24307.41 | N97: =M97/J97 -> 13.03951
A98: 94 | B98: 2011 | C98: January | D98: 19430 | E98: =(D97*$E$1+D96*$F$1+D95*$G$1)/SUM($E$1:$G$1) -> 18859.989 | G98: =D98-E98 -> 570.01078 | H98: =ABS(G98) -> 570.01078 | I98: =SUMSQ($G$8:G98)/(A98-3) -> 5699070.1 | J98: =SUM($H$8:H98)/(A98-3) -> 1849.9141 | K98: =H98/D98 -> 0.029336633 | L98: =SUM($K$8:K98)/(A98-3) -> 0.17651922 | M98: =SUM($G$8:G98) -> 24877.421 | N98: =M98/J98 -> 13.447879
A99: 95 | C99: February | D99: 17534 | E99: =(D98*$E$1+D97*$F$1+D96*$G$1)/SUM($E$1:$G$1) -> 18320.592 | G99: =D99-E99 -> -786.59219 | H99: =ABS(G99) -> 786.59219 | I99: =SUMSQ($G$8:G99)/(A99-3) -> 5643849 | J99: =SUM($H$8:H99)/(A99-3) -> 1838.3563 | K99: =H99/D99 -> 0.044860967 | L99: =SUM($K$8:K99)/(A99-3) -> 0.17508815 | M99: =SUM($G$8:G99) -> 24090.829 | N99: =M99/J99 -> 13.104549
A100: 96 | C100: March | D100: 17822 | E100: =(D99*$E$1+D98*$F$1+D97*$G$1)/SUM($E$1:$G$1) -> 16449.898 | G100: =D100-E100 -> 1372.1016 | H100: =ABS(G100) -> 1372.1016 | I100: =SUMSQ($G$8:G100)/(A100-3) -> 5603406.1 | J100: =SUM($H$8:H100)/(A100-3) -> 1833.3428 | K100: =H100/D100 -> 0.076989202 | L100: =SUM($K$8:K100)/(A100-3) -> 0.17403333 | M100: =SUM($G$8:G100) -> 25462.93 | N100: =M100/J100 -> 13.8888
A101: 97 | C101: April | D101: 17740 | E101: =(D100*$E$1+D99*$F$1+D98*$G$1)/SUM($E$1:$G$1) -> 18548.651 | G101: =D101-E101 -> -808.65082 | H101: =ABS(G101) -> 808.65082 | I101: =SUMSQ($G$8:G101)/(A101-3) -> 5550752 | J101: =SUM($H$8:H101)/(A101-3) -> 1822.4418 | K101: =H101/D101 -> 0.045583473 | L101: =SUM($K$8:K101)/(A101-3) -> 0.17266684 | M101: =SUM($G$8:G101) -> 24654.28 | N101: =M101/J101 -> 13.528158
...

Sheet WMA (4m)
D1: Weights are | E1: 0.42389702 | F1: 0 | G1: 0.19851691 | H1: 0.37758607 | J1: =E1+F1+G1+H1 -> 1
E2: Last month | F2: 2mon ago | G2: 3mon ago | H2: 4mon ago
A4: #Month | B4: Year | C4: Month | D4: Actual Demand | E4: 4 Month Weighted MovAver | G4: Forecast error | H4: Absolute value | I4: MSE | J4: MAD | K4: APE | L4: MAPE | M4: Bias | N4: TS
A5: 1 | B5: 2003 | C5: April | D5: 4698
A6: 2 | C6: May | D6: 4605
A7: 3 | C7: June | D7: 4859
A8: 4 | C8: July | D8: 4136
A9: 5 | C9: August | D9: 3872 | E9: =($E$1*D8+$F$1*D7+$G$1*D6+$H$1*D5)/SUM($E$1:$H$1) -> 4441.3078 | G9: =D9-E9 -> -569.3078 | H9: =ABS(G9) -> 569.3078 | I9: =SUMSQ($G$9:G9)/(A9-4) -> 324111.37 | J9: =SUM($H$9:H9)/(A9-4) -> 569.3078 | K9: =H9/D9 -> 0.14703197 | L9: =SUM($K$9:K9)/(A9-4) -> 0.14703197 | M9: =SUM($G$9:G9) -> -569.3078 | N9: =M9/J9 -> -1
A10: 6 | C10: September | D10: 5938 | E10: =($E$1*D9+$F$1*D8+$G$1*D7+$H$1*D6)/SUM($E$1:$H$1) -> 4344.7068 | G10: =D10-E10 -> 1593.2932 | H10: =ABS(G10) -> 1593.2932 | I10: =SUMSQ($G$9:G10)/(A10-4) -> 1431347.3 | J10: =SUM($H$9:H10)/(A10-4) -> 1081.3005 | K10: =H10/D10 -> 0.26832153 | L10: =SUM($K$9:K10)/(A10-4) -> 0.20767675 | M10: =SUM($G$9:G10) -> 1023.9854 | N10: =M10/J10 -> 0.9469943
A11: 7 | C11: October | D11: 8790 | E11: =($E$1*D10+$F$1*D9+$G$1*D8+$H$1*D7)/SUM($E$1:$H$1) -> 5172.8572 | G11: =D11-E11 -> 3617.1428 | H11: =ABS(G11) -> 3617.1428 | I11: =SUMSQ($G$9:G11)/(A11-4) -> 5315472.3 | J11: =SUM($H$9:H11)/(A11-4) -> 1926.5813 | K11: =H11/D11 -> 0.41150658 | L11: =SUM($K$9:K11)/(A11-4) -> 0.27562003 | M11: =SUM($G$9:G11) -> 4641.1283 | N11: =M11/J11 -> 2.4089969
A12: 8 | C12: November | D12: 6825 | E12: =($E$1*D11+$F$1*D10+$G$1*D9+$H$1*D8)/SUM($E$1:$H$1) -> 6056.4083 | G12: =D12-E12 -> 768.59172 | H12: =ABS(G12) -> 768.59172 | I12: =SUMSQ($G$9:G12)/(A12-4) -> 4134287.6 | J12: =SUM($H$9:H12)/(A12-4) -> 1637.0839 | K12: =H12/D12 -> 0.11261417 | L12: =SUM($K$9:K12)/(A12-4) -> 0.23486856 | M12: =SUM($G$9:G12) -> 5409.72 | N12: =M12/J12 -> 3.3044855
A13: 9 | C13: December | D13: 4858 | E13: =($E$1*D12+$F$1*D11+$G$1*D10+$H$1*D9)/SUM($E$1:$H$1) -> 5533.9038 | G13: =D13-E13 -> -675.90384 | H13: =ABS(G13) -> 675.90384 | I13: =SUMSQ($G$9:G13)/(A13-4) -> 3398799.2 | J13: =SUM($H$9:H13)/(A13-4) -> 1444.8479 | K13: =H13/D13 -> 0.13913212 | L13: =SUM($K$9:K13)/(A13-4) -> 0.21572127 | M13: =SUM($G$9:G13) -> 4733.8161 | N13: =M13/J13 -> 3.2763422
A14: 10 | B14: 2004 | C14: January | D14: 5907 | E14: =($E$1*D13+$F$1*D12+$G$1*D11+$H$1*D10)/SUM($E$1:$H$1) -> 6046.3614 | G14: =D14-E14 -> -139.36144 | H14: =ABS(G14) -> 139.36144 | I14: =SUMSQ($G$9:G14)/(A14-4) -> 2835569.6 | J14: =SUM($H$9:H14)/(A14-4) -> 1227.2668 | K14: =H14/D14 -> 0.023592591 | L14: =SUM($K$9:K14)/(A14-4) -> 0.18369983 | M14: =SUM($G$9:G14) -> 4594.4547 | N14: =M14/J14 -> 3.7436478
A15: 11 | C15: February | D15: 6386 | E15: =($E$1*D14+$F$1*D13+$G$1*D12+$H$1*D11)/SUM($E$1:$H$1) -> 7177.8192 | G15: =D15-E15 -> -791.81916 | H15: =ABS(G15) -> 791.81916 | I15: =SUMSQ($G$9:G15)/(A15-4) -> 2520056.5 | J15: =SUM($H$9:H15)/(A15-4) -> 1165.06 | K15: =H15/D15 -> 0.12399298 | L15: =SUM($K$9:K15)/(A15-4) -> 0.17517028 | M15: =SUM($G$9:G15) -> 3802.6355 | N15: =M15/J15 -> 3.2638967
A16: 12 | C16: March | D16: 9085 | E16: =($E$1*D15+$F$1*D14+$G$1*D13+$H$1*D12)/SUM($E$1:$H$1) -> 6248.4265 | G16: =D16-E16 -> 2836.5735 | H16: =ABS(G16) -> 2836.5735 | I16: =SUMSQ($G$9:G16)/(A16-4) -> 3210818.1 | J16: =SUM($H$9:H16)/(A16-4) -> 1373.9992 | K16: =H16/D16 -> 0.31222604 | L16: =SUM($K$9:K16)/(A16-4) -> 0.19230225 | M16: =SUM($G$9:G16) -> 6639.2091 | N16: =M16/J16 -> 4.8320327
A17: 13 | C17: April | D17: 6492 | E17: =($E$1*D16+$F$1*D15+$G$1*D14+$H$1*D13)/SUM($E$1:$H$1) -> 6858.057 | G17: =D17-E17 -> -366.05695 | H17: =ABS(G17) -> 366.05695 | I17: =SUMSQ($G$9:G17)/(A17-4) -> 2868949.2 | J17: =SUM($H$9:H17)/(A17-4) -> 1262.0056 | K17: =H17/D17 -> 0.056385852 | L17: =SUM($K$9:K17)/(A17-4) -> 0.17720043 | M17: =SUM($G$9:G17) -> 6273.1521 | N17: =M17/J17 -> 4.9707799
A18: 14 | C18: May | D18: 6832 | E18: =($E$1*D17+$F$1*D16+$G$1*D15+$H$1*D14)/SUM($E$1:$H$1) -> 6250.0694 | G18: =D18-E18 -> 581.93064 | H18: =ABS(G18) -> 581.93064 | I18: =SUMSQ($G$9:G18)/(A18-4) -> 2615918.6 | J18: =SUM($H$9:H18)/(A18-4) -> 1193.9981 | K18: =H18/D18 -> 0.085177202 | L18: =SUM($K$9:K18)/(A18-4) -> 0.1679981 | M18: =SUM($G$9:G18) -> 6855.0828 | N18: =M18/J18 -> 5.7412844
A19: 15 | C19: June | D19: 8867 | E19: =($E$1*D18+$F$1*D17+$G$1*D16+$H$1*D15)/SUM($E$1:$H$1) -> 7110.8552 | G19: =D19-E19 -> 1756.1448 | H19: =ABS(G19) -> 1756.1448 | I19: =SUMSQ($G$9:G19)/(A19-4) -> 2658475.5 | J19: =SUM($H$9:H19)/(A19-4) -> 1245.1024 | K19: =H19/D19 -> 0.198054 | L19: =SUM($K$9:K19)/(A19-4) -> 0.17073046 | M19: =SUM($G$9:G19) -> 8611.2276 | N19: =M19/J19 -> 6.91608
A20: 16 | C20: July | D20: 4998 | E20: =($E$1*D19+$F$1*D18+$G$1*D17+$H$1*D16)/SUM($E$1:$H$1) -> 8477.8361 | G20: =D20-E20 -> -3479.8361 | H20: =ABS(G20) -> 3479.8361 | I20: =SUMSQ($G$9:G20)/(A20-4) -> 3446040.8 | J20: =SUM($H$9:H20)/(A20-4) -> 1431.3302 | K20: =H20/D20 -> 0.69624572 | L20: =SUM($K$9:K20)/(A20-4) -> 0.2145234 | M20: =SUM($G$9:G20) -> 5131.3915 | N20: =M20/J20 -> 3.5850509
A21: 17 | C21: August | D21: 5305 | E21: =($E$1*D20+$F$1*D19+$G$1*D18+$H$1*D17)/SUM($E$1:$H$1) -> 5926.1936 | G21: =D21-E21 -> -621.1936 | H21: =ABS(G21) -> 621.1936 | I21: =SUMSQ($G$9:G21)/(A21-4) -> 3210643.9 | J21: =SUM($H$9:H21)/(A21-4) -> 1369.012 | K21: =H21/D21 -> 0.11709587 | L21: =SUM($K$9:K21)/(A21-4) -> 0.20702897 | M21: =SUM($G$9:G21) -> 4510.1979 | N21: =M21/J21 -> 3.2944912
A22: 18 | C22: September | D22: 7618 | E22: =($E$1*D21+$F$1*D20+$G$1*D19+$H$1*D18)/SUM($E$1:$H$1) -> 6588.6912 | G22: =D22-E22 -> 1029.3088 | H22: =ABS(G22) -> 1029.3088 | I22: =SUMSQ($G$9:G22)/(A22-4) -> 3056989.1 | J22: =SUM($H$9:H22)/(A22-4) -> 1344.7475 | K22: =H22/D22 -> 0.13511536 | L22: =SUM($K$9:K22)/(A22-4) -> 0.20189228 | M22: =SUM($G$9:G22) -> 5539.5067 | N22: =M22/J22 -> 4.1193658
A23: 19 | C23: October | D23: 11443 | E23: =($E$1*D22+$F$1*D21+$G$1*D20+$H$1*D19)/SUM($E$1:$H$1) -> 7569.4907 | G23: =D23-E23 -> 3873.5093 | H23: =ABS(G23) -> 3873.5093 | I23: =SUMSQ($G$9:G23)/(A23-4) -> 3853461.5 | J23: =SUM($H$9:H23)/(A23-4) -> 1513.3316 | K23: =H23/D23 -> 0.3385047 | L23: =SUM($K$9:K23)/(A23-4) -> 0.21099978 | M23: =SUM($G$9:G23) -> 9413.016 | N23: =M23/J23 -> 6.2200618
A24: 20 | C24: November | D24: 8716 | E24: =($E$1*D23+$F$1*D22+$G$1*D21+$H$1*D20)/SUM($E$1:$H$1) -> 7790.961 | G24: =D24-E24 -> 925.039 | H24: =ABS(G24) -> 925.039 | I24: =SUMSQ($G$9:G24)/(A24-4) -> 3666101.2 | J24: =SUM($H$9:H24)/(A24-4) -> 1476.5633 | K24: =H24/D24 -> 0.10613114 | L24: =SUM($K$9:K24)/(A24-4) -> 0.20444549 | M24: =SUM($G$9:G24) -> 10338.055 | N24: =M24/J24 -> 7.0014303
A25: 21 | C25: December | D25: 6119 | E25: =($E$1*D24+$F$1*D23+$G$1*D22+$H$1*D21)/SUM($E$1:$H$1) -> 7210.0824 | G25: =D25-E25 -> -1091.0824 | H25: =ABS(G25) -> 1091.0824 | I25: =SUMSQ($G$9:G25)/(A25-4) -> 3520475.3 | J25: =SUM($H$9:H25)/(A25-4) -> 1453.888 | K25: =H25/D25 -> 0.17831057 | L25: =SUM($K$9:K25)/(A25-4) -> 0.20290814 | M25: =SUM($G$9:G25) -> 9246.9727 | N25: =M25/J25 -> 6.3601687
A26: 22 | B26: 2005 | C26: January | D26: 7408 | E26: =($E$1*D25+$F$1*D24+$G$1*D23+$H$1*D22)/SUM($E$1:$H$1) -> 7741.9055 | G26: =D26-E26 -> -333.90553 | H26: =ABS(G26) -> 333.90553 | I26: =SUMSQ($G$9:G26)/(A26-4) -> 3331087.4 | J26: =SUM($H$9:H26)/(A26-4) -> 1391.6667 | K26: =H26/D26 -> 0.045073641 | L26: =SUM($K$9:K26)/(A26-4) -> 0.19413956 | M26: =SUM($G$9:G26) -> 8913.0671 | N26: =M26/J26 -> 6.404599
A27: 23 | C27: February | D27: 7493 | E27: =($E$1*D26+$F$1*D25+$G$1*D24+$H$1*D23)/SUM($E$1:$H$1) -> 9191.2199 | G27: =D27-E27 -> -1698.2199 | H27: =ABS(G27) -> 1698.2199 | I27: =SUMSQ($G$9:G27)/(A27-4) -> 3307553.9 | J27: =SUM($H$9:H27)/(A27-4) -> 1407.8011 | K27: =H27/D27 -> 0.22664085 | L27: =SUM($K$9:K27)/(A27-4) -> 0.19585015 | M27: =SUM($G$9:G27) -> 7214.8472 | N27: =M27/J27 -> 5.1249053
A28: 24 | C28: March | D28: 8541 | E28: =($E$1*D27+$F$1*D26+$G$1*D25+$H$1*D24)/SUM($E$1:$H$1) -> 7682.0255 | G28: =D28-E28 -> 858.97447 | H28: =ABS(G28) -> 858.97447 | I28: =SUMSQ($G$9:G28)/(A28-4) -> 3179068 | J28: =SUM($H$9:H28)/(A28-4) -> 1380.3598 | K28: =H28/D28 -> 0.10057071 | L28: =SUM($K$9:K28)/(A28-4) -> 0.19108618 | M28: =SUM($G$9:G28) -> 8073.8217 | N28: =M28/J28 -> 5.8490706
A29: 25 | C29: April | D29: 8029 | E29: =($E$1*D28+$F$1*D27+$G$1*D26+$H$1*D25)/SUM($E$1:$H$1) -> 7401.5669 | G29: =D29-E29 -> 627.43312 | H29: =ABS(G29) -> 627.43312 | I29: =SUMSQ($G$9:G29)/(A29-4) -> 3046430.2 | J29: =SUM($H$9:H29)/(A29-4) -> 1344.5061 | K29: =H29/D29 -> 0.078145861 | L29: =SUM($K$9:K29)/(A29-4) -> 0.18570807 | M29: =SUM($G$9:G29) -> 8701.2548 | N29: =M29/J29 -> 6.4717109
A30: 26 | C30: May | D30: 8650 | E30: =($E$1*D29+$F$1*D28+$G$1*D27+$H$1*D26)/SUM($E$1:$H$1) -> 7688.114 | G30: =D30-E30 -> 961.88601 | H30: =ABS(G30) -> 961.88601 | I30: =SUMSQ($G$9:G30)/(A30-4) -> 2950011.7 | J30: =SUM($H$9:H30)/(A30-4) -> 1327.1143 | K30: =H30/D30 -> 0.1112007 | L30: =SUM($K$9:K30)/(A30-4) -> 0.18232137 | M30: =SUM($G$9:G30) -> 9663.1408 | N30: =M30/J30 -> 7.2813178
A31: 27 | C31: June | D31: 9960 | E31: =($E$1*D30+$F$1*D29+$G$1*D28+$H$1*D27)/SUM($E$1:$H$1) -> 8191.4946 | G31: =D31-E31 -> 1768.5054 | H31: =ABS(G31) -> 1768.5054 | I31: =SUMSQ($G$9:G31)/(A31-4) -> 2957733.5 | J31: =SUM($H$9:H31)/(A31-4) -> 1346.3052 | K31: =H31/D31 -> 0.17756079 | L31: =SUM($K$9:K31)/(A31-4) -> 0.18211439 | M31: =SUM($G$9:G31) -> 11431.646 | N31: =M31/J31 -> 8.4911254
A32: 28 | C32: July | D32: 7152 | E32: =($E$1*D31+$F$1*D30+$G$1*D29+$H$1*D28)/SUM($E$1:$H$1) -> 9040.8692 | G32: =D32-E32 -> -1888.8692 | H32: =ABS(G32) -> 1888.8692 | I32: =SUMSQ($G$9:G32)/(A32-4) -> 2983154 | J32: =SUM($H$9:H32)/(A32-4) -> 1368.912 | K32: =H32/D32 -> 0.26410364 | L32: =SUM($K$9:K32)/(A32-4) -> 0.18553061 | M32: =SUM($G$9:G32) -> 9542.777 | N32: =M32/J32 -> 6.9710666
A33: 29 | C33: August | D33: 7322 | E33: =($E$1*D32+$F$1*D31+$G$1*D30+$H$1*D29)/SUM($E$1:$H$1) -> 7780.5213 | G33: =D33-E33 -> -458.52131 | H33: =ABS(G33) -> 458.52131 | I33: =SUMSQ($G$9:G33)/(A33-4) -> 2872237.5 | J33: =SUM($H$9:H33)/(A33-4) -> 1332.4964 | K33: =H33/D33 -> 0.062622413 | L33: =SUM($K$9:K33)/(A33-4) -> 0.18061428 | M33: =SUM($G$9:G33) -> 9084.2557 | N33: =M33/J33 -> 6.8174711
A34: 30 | C34: September | D34: 9239 | E34: =($E$1*D33+$F$1*D32+$G$1*D31+$H$1*D30)/SUM($E$1:$H$1) -> 8347.1219 | G34: =D34-E34 -> 891.8781 | H34: =ABS(G34) -> 891.8781 | I34: =SUMSQ($G$9:G34)/(A34-4) -> 2792360.9 | J34: =SUM($H$9:H34)/(A34-4) -> 1315.5495 | K34: =H34/D34 -> 0.096534051 | L34: =SUM($K$9:K34)/(A34-4) -> 0.17738042 | M34: =SUM($G$9:G34) -> 9976.1338 | N34: =M34/J34 -> 7.5832445
A35: 31 | C35: October | D35: 14123 | E35: =($E$1*D34+$F$1*D33+$G$1*D32+$H$1*D31)/SUM($E$1:$H$1) -> 9096.9348 | G35: =D35-E35 -> 5026.0652 | H35: =ABS(G35) -> 5026.0652 | I35: =SUMSQ($G$9:G35)/(A35-4) -> 3624545 | J35: =SUM($H$9:H35)/(A35-4) -> 1452.9761 | K35: =H35/D35 -> 0.35587802 | L35: =SUM($K$9:K35)/(A35-4) -> 0.18399145 | M35: =SUM($G$9:G35) -> 15002.199 | N35: =M35/J35 -> 10.325152
A36: 32 | C36: November | D36: 9566 | E36: =($E$1*D35+$F$1*D34+$G$1*D33+$H$1*D32)/SUM($E$1:$H$1) -> 10140.734 | G36: =D36-E36 -> -574.73402 | H36: =ABS(G36) -> 574.73402 | I36: =SUMSQ($G$9:G36)/(A36-4) -> 3506894.1 | J36: =SUM($H$9:H36)/(A36-4) -> 1421.6103 | K36: =H36/D36 -> 0.060080913 | L36: =SUM($K$9:K36)/(A36-4) -> 0.17956607 | M36: =SUM($G$9:G36) -> 14427.465 | N36: =M36/J36 -> 10.148678
A37: 33 | C37: December | D37: 7341 | E37: =($E$1*D36+$F$1*D35+$G$1*D34+$H$1*D33)/SUM($E$1:$H$1) -> 8653.7818 | G37: =D37-E37 -> -1312.7818 | H37: =ABS(G37) -> 1312.7818 | I37: =SUMSQ($G$9:G37)/(A37-4) -> 3445394.2 | J37: =SUM($H$9:H37)/(A37-4) -> 1417.8576 | K37: =H37/D37 -> 0.17882875 | L37: =SUM($K$9:K37)/(A37-4) -> 0.17954065 | M37: =SUM($G$9:G37) -> 13114.683 | N37: =M37/J37 -> 9.2496479
A38: 34 | B38: 2006 | C38: January | D38: 9404 | E38: =($E$1*D37+$F$1*D36+$G$1*D35+$H$1*D34)/SUM($E$1:$H$1) -> 9404 | G38: =D38-E38 -> -2.6936616e-05 | H38: =ABS(G38) -> 2.6936616e-05 | I38: =SUMSQ($G$9:G38)/(A38-4) -> 3330547.7 | J38: =SUM($H$9:H38)/(A38-4) -> 1370.5956 | K38: =H38/D38 -> 2.8643785e-09 | L38: =SUM($K$9:K38)/(A38-4) -> 0.17355596 | M38: =SUM($G$9:G38) -> 13114.683 | N38: =M38/J38 -> 9.5686012
A39: 35 | C39: February | D39: 8613 | E39: =($E$1*D38+$F$1*D37+$G$1*D36+$H$1*D35)/SUM($E$1:$H$1) -> 11217.988 | G39: =D39-E39 -> -2604.9884 | H39: =ABS(G39) -> 2604.9884 | I39: =SUMSQ($G$9:G39)/(A39-4) -> 3442012.8 | J39: =SUM($H$9:H39)/(A39-4) -> 1410.4148 | K39: =H39/D39 -> 0.30244844 | L39: =SUM($K$9:K39)/(A39-4) -> 0.17771378 | M39: =SUM($G$9:G39) -> 10509.695 | N39: =M39/J39 -> 7.4514923
A40: 36 | C40: March | D40: 9425 | E40: =($E$1*D39+$F$1*D38+$G$1*D37+$H$1*D36)/SUM($E$1:$H$1) -> 8720.326 | G40: =D40-E40 -> 704.67398 | H40: =ABS(G40) -> 704.67398 | I40: =SUMSQ($G$9:G40)/(A40-4) -> 3349967.6 | J40: =SUM($H$9:H40)/(A40-4) -> 1388.3604 | K40: =H40/D40 -> 0.07476647 | L40: =SUM($K$9:K40)/(A40-4) -> 0.17449668 | M40: =SUM($G$9:G40) -> 11214.369 | N40: =M40/J40 -> 8.0774192
A41: 37 | C41: April | D41: 10905 | E41: =($E$1*D40+$F$1*D39+$G$1*D38+$H$1*D37)/SUM($E$1:$H$1) -> 8633.9418 | G41: =D41-E41 -> 2271.0582 | H41: =ABS(G41) -> 2271.0582 | I41: =SUMSQ($G$9:G41)/(A41-4) -> 3404747.5 | J41: =SUM($H$9:H41)/(A41-4) -> 1415.1088 | K41: =H41/D41 -> 0.20825843 | L41: =SUM($K$9:K41)/(A41-4) -> 0.17551976 | M41: =SUM($G$9:G41) -> 13485.427 | N41: =M41/J41 -> 9.5296044
A42: 38 | C42: May | D42: 9842 | E42: =($E$1*D41+$F$1*D40+$G$1*D39+$H$1*D38)/SUM($E$1:$H$1) -> 9883.2426 | G42: =D42-E42 -> -41.242557 | H42: =ABS(G42) -> 41.242557 | I42: =SUMSQ($G$9:G42)/(A42-4) -> 3304657.9 | J42: =SUM($H$9:H42)/(A42-4) -> 1374.701 | K42: =H42/D42 -> 0.0041904651 | L42: =SUM($K$9:K42)/(A42-4) -> 0.17048066 | M42: =SUM($G$9:G42) -> 13444.184 | N42: =M42/J42 -> 9.7797156
A43: 39 | C43: June | D43: 12259 | E43: =($E$1*D42+$F$1*D41+$G$1*D40+$H$1*D39)/SUM($E$1:$H$1) -> 9295.1652 | G43: =D43-E43 -> 2963.8348 | H43: =ABS(G43) -> 2963.8348 | I43: =SUMSQ($G$9:G43)/(A43-4) -> 3461219.6 | J43: =SUM($H$9:H43)/(A43-4) -> 1420.1048 | K43: =H43/D43 -> 0.24176807 | L43: =SUM($K$9:K43)/(A43-4) -> 0.17251745 | M43: =SUM($G$9:G43) -> 16408.019 | N43: =M43/J43 -> 11.554091
A44: 40 | C44: July | D44: 9285 | E44: =($E$1*D43+$F$1*D42+$G$1*D41+$H$1*D40)/SUM($E$1:$H$1) -> 10920.129 | G44: =D44-E44 -> -1635.1292 | H44: =ABS(G44) -> 1635.1292 | I44: =SUMSQ($G$9:G44)/(A44-4) -> 3439342.6 | J44: =SUM($H$9:H44)/(A44-4) -> 1426.0777 | K44: =H44/D44 -> 0.17610438 | L44: =SUM($K$9:K44)/(A44-4) -> 0.17261708 | M44: =SUM($G$9:G44) -> 14772.89 | N44: =M44/J44 -> 10.359106
A45: 41 | C45: August | D45: 7950 | E45: =($E$1*D44+$F$1*D43+$G$1*D42+$H$1*D41)/SUM($E$1:$H$1) -> 10007.263 | G45: =D45-E45 -> -2057.2634 | H45: =ABS(G45) -> 2057.2634 | I45: =SUMSQ($G$9:G45)/(A45-4) -> 3460774.7 | J45: =SUM($H$9:H45)/(A45-4) -> 1443.1368 | K45: =H45/D45 -> 0.25877526 | L45: =SUM($K$9:K45)/(A45-4) -> 0.17494568 | M45: =SUM($G$9:G45) -> 12715.627 | N45: =M45/J45 -> 8.8111031
A46: 42 | C46: September | D46: 11482 | E46: =($E$1*D45+$F$1*D44+$G$1*D43+$H$1*D42)/SUM($E$1:$H$1) -> 9519.8022 | G46: =D46-E46 -> 1962.1978 | H46: =ABS(G46) -> 1962.1978 | I46: =SUMSQ($G$9:G46)/(A46-4) -> 3471023.3 | J46: =SUM($H$9:H46)/(A46-4) -> 1456.7963 | K46: =H46/D46 -> 0.17089338 | L46: =SUM($K$9:K46)/(A46-4) -> 0.17483904 | M46: =SUM($G$9:G46) -> 14677.825 | N46: =M46/J46 -> 10.075413
A47: 43 | C47: October | D47: 15817 | E47: =($E$1*D46+$F$1*D45+$G$1*D44+$H$1*D43)/SUM($E$1:$H$1) -> 11339.243 | G47: =D47-E47 -> 4477.7573 | H47: =ABS(G47) -> 4477.7573 | I47: =SUMSQ($G$9:G47)/(A47-4) -> 3896133.2 | J47: =SUM($H$9:H47)/(A47-4) -> 1534.2568 | K47: =H47/D47 -> 0.28309776 | L47: =SUM($K$9:K47)/(A47-4) -> 0.17761491 | M47: =SUM($G$9:G47) -> 19155.582 | N47: =M47/J47 -> 12.485251
A48: 44 | C48: November | D48: 10288 | E48: =($E$1*D47+$F$1*D46+$G$1*D45+$H$1*D44)/SUM($E$1:$H$1) -> 11788.875 | G48: =D48-E48 -> -1500.8753 | H48: =ABS(G48) -> 1500.8753 | I48: =SUMSQ($G$9:G48)/(A48-4) -> 3855045.5 | J48: =SUM($H$9:H48)/(A48-4) -> 1533.4223 | K48: =H48/D48 -> 0.14588601 | L48: =SUM($K$9:K48)/(A48-4) -> 0.17682169 | M48: =SUM($G$9:G48) -> 17654.707 | N48: =M48/J48 -> 11.513271
A49: 45 | C49: December | D49: 8743 | E49: =($E$1*D48+$F$1*D47+$G$1*D46+$H$1*D45)/SUM($E$1:$H$1) -> 9642.233 | G49: =D49-E49 -> -899.23296 | H49: =ABS(G49) -> 899.23296 | I49: =SUMSQ($G$9:G49)/(A49-4) -> 3780742.5 | J49: =SUM($H$9:H49)/(A49-4) -> 1517.9542 | K49: =H49/D49 -> 0.10285176 | L49: =SUM($K$9:K49)/(A49-4) -> 0.17501754 | M49: =SUM($G$9:G49) -> 16755.474 | N49: =M49/J49 -> 11.038194
A50: 46 | B50: 2007 | C50: January | D50: 10419 | E50: =($E$1*D49+$F$1*D48+$G$1*D47+$H$1*D46)/SUM($E$1:$H$1) -> 11181.517 | G50: =D50-E50 -> -762.51685 | H50: =ABS(G50) -> 762.51685 | I50: =SUMSQ($G$9:G50)/(A50-4) -> 3704568.4 | J50: =SUM($H$9:H50)/(A50-4) -> 1499.9676 | K50: =H50/D50 -> 0.073185224 | L50: =SUM($K$9:K50)/(A50-4) -> 0.17259296 | M50: =SUM($G$9:G50) -> 15992.957 | N50: =M50/J50 -> 10.662201
A51: 47 | C51: February | D51: 8801 | E51: =($E$1*D50+$F$1*D49+$G$1*D48+$H$1*D47)/SUM($E$1:$H$1) -> 12431.204 | G51: =D51-E51 -> -3630.2039 | H51: =ABS(G51) -> 3630.2039 | I51: =SUMSQ($G$9:G51)/(A51-4) -> 3924889.6 | J51: =SUM($H$9:H51)/(A51-4) -> 1549.508 | K51: =H51/D51 -> 0.4124763 | L51: =SUM($K$9:K51)/(A51-4) -> 0.17817164 | M51: =SUM($G$9:G51) -> 12362.753 | N51: =M51/J51 -> 7.9785021
A52: 48 | C52: March | D52: 8631 | E52: =($E$1*D51+$F$1*D50+$G$1*D49+$H$1*D48)/SUM($E$1:$H$1) -> 9350.9565 | G52: =D52-E52 -> -719.95651 | H52: =ABS(G52) -> 719.95651 | I52: =SUMSQ($G$9:G52)/(A52-4) -> 3847468 | J52: =SUM($H$9:H52)/(A52-4) -> 1530.6546 | K52: =H52/D52 -> 0.08341519 | L52: =SUM($K$9:K52)/(A52-4) -> 0.17601809 | M52: =SUM($G$9:G52) -> 11642.796 | N52: =M52/J52 -> 7.6064167
A53: 49 | C53: April | D53: 9682 | E53: =($E$1*D52+$F$1*D51+$G$1*D50+$H$1*D49)/SUM($E$1:$H$1) -> 9028.2379 | G53: =D53-E53 -> 653.76213 | H53: =ABS(G53) -> 653.76213 | I53: =SUMSQ($G$9:G53)/(A53-4) -> 3771466.6 | J53: =SUM($H$9:H53)/(A53-4) -> 1511.1681 | K53: =H53/D53 -> 0.067523459 | L53: =SUM($K$9:K53)/(A53-4) -> 0.1736071 | M53: =SUM($G$9:G53) -> 12296.558 | N53: =M53/J53 -> 8.1371217
A54: 50 | C54: May | D54: 9052 | E54: =($E$1*D53+$F$1*D52+$G$1*D51+$H$1*D50)/SUM($E$1:$H$1) -> 9785.3875 | G54: =D54-E54 -> -733.38754 | H54: =ABS(G54) -> 733.38754 | I54: =SUMSQ($G$9:G54)/(A54-4) -> 3701170.7 | J54: =SUM($H$9:H54)/(A54-4) -> 1494.2598 | K54: =H54/D54 -> 0.081019392 | L54: =SUM($K$9:K54)/(A54-4) -> 0.17159432 | M54: =SUM($G$9:G54) -> 11563.171 | N54: =M54/J54 -> 7.738394
A55: 51 | C55: June | D55: 11477 | E55: =($E$1*D54+$F$1*D53+$G$1*D52+$H$1*D51)/SUM($E$1:$H$1) -> 8873.6503 | G55: =D55-E55 -> 2603.3497 | H55: =ABS(G55) -> 2603.3497 | I55: =SUMSQ($G$9:G55)/(A55-4) -> 3766623.1 | J55: =SUM($H$9:H55)/(A55-4) -> 1517.8574 | K55: =H55/D55 -> 0.2268319 | L55: =SUM($K$9:K55)/(A55-4) -> 0.17276959 | M55: =SUM($G$9:G55) -> 14166.521 | N55: =M55/J55 -> 9.3332353
A56: 52 | C56: July | D56: 8242 | E56: =($E$1*D55+$F$1*D54+$G$1*D53+$H$1*D52)/SUM($E$1:$H$1) -> 10046.052 | G56: =D56-E56 -> -1804.0522 | H56: =ABS(G56) -> 1804.0522 | I56: =SUMSQ($G$9:G56)/(A56-4) -> 3755956 | J56: =SUM($H$9:H56)/(A56-4) -> 1523.8198 | K56: =H56/D56 -> 0.21888525 | L56: =SUM($K$9:K56)/(A56-4) -> 0.17373033 | M56: =SUM($G$9:G56) -> 12362.468 | N56: =M56/J56 -> 8.112815
A57: 53 | C57: August | D57: 7674 | E57: =($E$1*D56+$F$1*D55+$G$1*D54+$H$1*D53)/SUM($E$1:$H$1) -> 8946.5226 | G57: =D57-E57 -> -1272.5226 | H57: =ABS(G57) -> 1272.5226 | I57: =SUMSQ($G$9:G57)/(A57-4) -> 3712351.1 | J57: =SUM($H$9:H57)/(A57-4) -> 1518.6913 | K57: =H57/D57 -> 0.1658226 | L57: =SUM($K$9:K57)/(A57-4) -> 0.17356895 | M57: =SUM($G$9:G57) -> 11089.946 | N57: =M57/J57 -> 7.3023041
A58: 54 | C58: September | D58: 10339 | E58: =($E$1*D57+$F$1*D56+$G$1*D55+$H$1*D54)/SUM($E$1:$H$1) -> 8949.2734 | G58: =D58-E58 -> 1389.7266 | H58: =ABS(G58) -> 1389.7266 | I58: =SUMSQ($G$9:G58)/(A58-4) -> 3676730.8 | J58: =SUM($H$9:H58)/(A58-4) -> 1516.112 | K58: =H58/D58 -> 0.13441596 | L58: =SUM($K$9:K58)/(A58-4) -> 0.17278589 | M58: =SUM($G$9:G58) -> 12479.672 | N58: =M58/J58 -> 8.2313656
A59: 55 | C59: October | D59: 13919 | E59: =($E$1*D58+$F$1*D57+$G$1*D56+$H$1*D55)/SUM($E$1:$H$1) -> 10352.403 | G59: =D59-E59 -> 3566.597 | H59: =ABS(G59) -> 3566.597 | I59: =SUMSQ($G$9:G59)/(A59-4) -> 3854061.9 | J59: =SUM($H$9:H59)/(A59-4) -> 1556.3176 | K59: =H59/D59 -> 0.25623946 | L59: =SUM($K$9:K59)/(A59-4) -> 0.17442223 | M59: =SUM($G$9:G59) -> 16046.269 | N59: =M59/J59 -> 10.310408
A60: 56 | C60: November | D60: 10531 | E60: =($E$1*D59+$F$1*D58+$G$1*D57+$H$1*D56)/SUM($E$1:$H$1) -> 10535.706 | G60: =D60-E60 -> -4.7057934 | H60: =ABS(G60) -> 4.7057934 | I60: =SUMSQ($G$9:G60)/(A60-4) -> 3779945.7 | J60: =SUM($H$9:H60)/(A60-4) -> 1526.4789 | K60: =H60/D60 -> 0.00044685153 | L60: =SUM($K$9:K60)/(A60-4) -> 0.17107655 | M60: =SUM($G$9:G60) -> 16041.564 | N60: =M60/J60 -> 10.508867
A61: 57 | C61: December | D61: 8435 | E61: =($E$1*D60+$F$1*D59+$G$1*D58+$H$1*D57)/SUM($E$1:$H$1) -> 9414.1214 | G61: =D61-E61 -> -979.12135 | H61: =ABS(G61) -> 979.12135 | I61: =SUMSQ($G$9:G61)/(A61-4) -> 3726714.3 | J61: =SUM($H$9:H61)/(A61-4) -> 1516.1514 | K61: =H61/D61 -> 0.11607841 | L61: =SUM($K$9:K61)/(A61-4) -> 0.17003885 | M61: =SUM($G$9:G61) -> 15062.442 | N61: =M61/J61 -> 9.9346556
A62: 58 | B62: 2008 | C62: January | D62: 9750 | E62: =($E$1*D61+$F$1*D60+$G$1*D59+$H$1*D58)/SUM($E$1:$H$1) -> 10242.591 | G62: =D62-E62 -> -492.5906 | H62: =ABS(G62) -> 492.5906 | I62: =SUMSQ($G$9:G62)/(A62-4) -> 3662194.5 | J62: =SUM($H$9:H62)/(A62-4) -> 1497.1966 | K62: =H62/D62 -> 0.050522113 | L62: =SUM($K$9:K62)/(A62-4) -> 0.16782558 | M62: =SUM($G$9:G62) -> 14569.852 | N62: =M62/J62 -> 9.7314219
A63: 59 | C63: February | D63: 8477 | E63: =($E$1*D62+$F$1*D61+$G$1*D60+$H$1*D59)/SUM($E$1:$H$1) -> 11479.198 | G63: =D63-E63 -> -3002.198 | H63: =ABS(G63) -> 3002.198 | I63: =SUMSQ($G$9:G63)/(A63-4) -> 3759485.4 | J63: =SUM($H$9:H63)/(A63-4) -> 1524.5603 | K63: =H63/D63 -> 0.35415808 | L63: =SUM($K$9:K63)/(A63-4) -> 0.17121344 | M63: =SUM($G$9:G63) -> 11567.654 | N63: =M63/J63 -> 7.5875346
A64: 60 | C64: March | D64: 9814 | E64: =($E$1*D63+$F$1*D62+$G$1*D61+$H$1*D60)/SUM($E$1:$H$1) -> 9244.2241 | G64: =D64-E64 -> 569.77592 | H64: =ABS(G64) -> 569.77592 | I64: =SUMSQ($G$9:G64)/(A64-4) -> 3698148.9 | J64: =SUM($H$9:H64)/(A64-4) -> 1507.5105 | K64: =H64/D64 -> 0.058057461 | L64: =SUM($K$9:K64)/(A64-4) -> 0.1691928 | M64: =SUM($G$9:G64) -> 12137.43 | N64: =M64/J64 -> 8.0513066
A65: 61 | C65: April | D65: 10684 | E65: =($E$1*D64+$F$1*D63+$G$1*D62+$H$1*D61)/SUM($E$1:$H$1) -> 9280.6037 | G65: =D65-E65 -> 1403.3963 | H65: =ABS(G65) -> 1403.3963 | I65: =SUMSQ($G$9:G65)/(A65-4) -> 3667822.1 | J65: =SUM($H$9:H65)/(A65-4) -> 1505.684 | K65: =H65/D65 -> 0.13135495 | L65: =SUM($K$9:K65)/(A65-4) -> 0.16852898 | M65: =SUM($G$9:G65) -> 13540.826 | N65: =M65/J65 -> 8.9931394
A66: 62 | C66: May | D66: 11693 | E66: =($E$1*D65+$F$1*D64+$G$1*D63+$H$1*D62)/SUM($E$1:$H$1) -> 9893.2078 | G66: =D66-E66 -> 1799.7922 | H66: =ABS(G66) -> 1799.7922 | I66: =SUMSQ($G$9:G66)/(A66-4) -> 3660433 | J66: =SUM($H$9:H66)/(A66-4) -> 1510.7548 | K66: =H66/D66 -> 0.15392048 | L66: =SUM($K$9:K66)/(A66-4) -> 0.16827711 | M66: =SUM($G$9:G66) -> 15340.618 | N66: =M66/J66 -> 10.154274
A67: 63 | C67: June | D67: 14439 | E67: =($E$1*D66+$F$1*D65+$G$1*D64+$H$1*D63)/SUM($E$1:$H$1) -> 10105.67 | G67: =D67-E67 -> 4333.3301 | H67: =ABS(G67) -> 4333.3301 | I67: =SUMSQ($G$9:G67)/(A67-4) -> 3916658.7 | J67: =SUM($H$9:H67)/(A67-4) -> 1558.5951 | K67: =H67/D67 -> 0.30011289 | L67: =SUM($K$9:K67)/(A67-4) -> 0.17051161 | M67: =SUM($G$9:G67) -> 19673.948 | N67: =M67/J67 -> 12.622873
A68: 64 | C68: July | D68: 9081 | E68: =($E$1*D67+$F$1*D66+$G$1*D65+$H$1*D64)/SUM($E$1:$H$1) -> 11947.233 | G68: =D68-E68 -> -2866.2334 | H68: =ABS(G68) -> 2866.2334 | I68: =SUMSQ($G$9:G68)/(A68-4) -> 3988302.6 | J68: =SUM($H$9:H68)/(A68-4) -> 1580.389 | K68: =H68/D68 -> 0.31562971 | L68: =SUM($K$9:K68)/(A68-4) -> 0.17293025 | M68: =SUM($G$9:G68) -> 16807.715 | N68: =M68/J68 -> 10.635175
A69: 65 | C69: August | D69: 9781 | E69: =($E$1*D68+$F$1*D67+$G$1*D66+$H$1*D65)/SUM($E$1:$H$1) -> 10204.797 | G69: =D69-E69 -> -423.79663 | H69: =ABS(G69) -> 423.79663 | I69: =SUMSQ($G$9:G69)/(A69-4) -> 3925864.9 | J69: =SUM($H$9:H69)/(A69-4) -> 1561.4285 | K69: =H69/D69 -> 0.043328559 | L69: =SUM($K$9:K69)/(A69-4) -> 0.17080563 | M69: =SUM($G$9:G69) -> 16383.918 | N69: =M69/J69 -> 10.492903
A70: 66 | C70: September | D70: 10307 | E70: =($E$1*D69+$F$1*D68+$G$1*D67+$H$1*D66)/SUM($E$1:$H$1) -> 11427.636 | G70: =D70-E70 -> -1120.6363 | H70: =ABS(G70) -> 1120.6363 | I70: =SUMSQ($G$9:G70)/(A70-4) -> 3882799.8 | J70: =SUM($H$9:H70)/(A70-4) -> 1554.3189 | K70: =H70/D70 -> 0.10872575 | L70: =SUM($K$9:K70)/(A70-4) -> 0.16980434 | M70: =SUM($G$9:G70) -> 15263.282 | N70: =M70/J70 -> 9.8199161
A71: 67 | C71: October | D71: 14800 | E71: =($E$1*D70+$F$1*D69+$G$1*D68+$H$1*D67)/SUM($E$1:$H$1) -> 11623.804 | G71: =D71-E71 -> 3176.1961 | H71: =ABS(G71) -> 3176.1961 | I71: =SUMSQ($G$9:G71)/(A71-4) -> 3981298.5 | J71: =SUM($H$9:H71)/(A71-4) -> 1580.063 | K71: =H71/D71 -> 0.21460784 | L71: =SUM($K$9:K71)/(A71-4) -> 0.17051551 | M71: =SUM($G$9:G71) -> 18439.478 | N71: =M71/J71 -> 11.67009
A72: 68 | C72: November | D72: 7960 | E72: =($E$1*D71+$F$1*D70+$G$1*D69+$H$1*D68)/SUM($E$1:$H$1) -> 11644.229 | G72: =D72-E72 -> -3684.2289 | H72: =ABS(G72) -> 3684.2289 | I72: =SUMSQ($G$9:G72)/(A72-4) -> 4131177.3 | J72: =SUM($H$9:H72)/(A72-4) -> 1612.9406 | K72: =H72/D72 -> 0.46284283 | L72: =SUM($K$9:K72)/(A72-4) -> 0.17508312 | M72: =SUM($G$9:G72) -> 14755.249 | N72: =M72/J72 -> 9.1480422
A73: 69 | C73: December | D73: 6858 | E73: =($E$1*D72+$F$1*D71+$G$1*D70+$H$1*D69)/SUM($E$1:$H$1) -> 9113.5034 | G73: =D73-E73 -> -2255.5034 | H73: =ABS(G73) -> 2255.5034 | I73: =SUMSQ($G$9:G73)/(A73-4) -> 4145886.9 | J73: =SUM($H$9:H73)/(A73-4) -> 1622.8262 | K73: =H73/D73 -> 0.32888647 | L73: =SUM($K$9:K73)/(A73-4) -> 0.17744933 | M73: =SUM($G$9:G73) -> 12499.745 | N73: =M73/J73 -> 7.7024548
A74: 70 | B74: 2009 | C74: January | D74: 9438 | E74: =($E$1*D73+$F$1*D72+$G$1*D71+$H$1*D70)/SUM($E$1:$H$1) -> 9736.9156 | G74: =D74-E74 -> -298.91563 | H74: =ABS(G74) -> 298.91563 | I74: =SUMSQ($G$9:G74)/(A74-4) -> 4084424.2 | J74: =SUM($H$9:H74)/(A74-4) -> 1602.767 | K74: =H74/D74 -> 0.031671502 | L74: =SUM($K$9:K74)/(A74-4) -> 0.17524057 | M74: =SUM($G$9:G74) -> 12200.83 | N74: =M74/J74 -> 7.6123542
A75: 71 | C75: February | D75: 8487 | E75: =($E$1*D74+$F$1*D73+$G$1*D72+$H$1*D71)/SUM($E$1:$H$1) -> 11169.209 | G75: =D75-E75 -> -2682.2085 | H75: =ABS(G75) -> 2682.2085 | I75: =SUMSQ($G$9:G75)/(A75-4) -> 4130839.4 | J75: =SUM($H$9:H75)/(A75-4) -> 1618.878 | K75: =H75/D75 -> 0.31603729 | L75: =SUM($K$9:K75)/(A75-4) -> 0.17734202 | M75: =SUM($G$9:G75) -> 9518.6213 | N75: =M75/J75 -> 5.8797644
A76: 72 | C76: March | D76: 10609 | E76: =($E$1*D75+$F$1*D74+$G$1*D73+$H$1*D72)/SUM($E$1:$H$1) -> 7964.6281 | G76: =D76-E76 -> 2644.3719 | H76: =ABS(G76) -> 2644.3719 | I76: =SUMSQ($G$9:G76)/(A76-4) -> 4172925.6 | J76: =SUM($H$9:H76)/(A76-4) -> 1633.9588 | K76: =H76/D76 -> 0.24925741 | L76: =SUM($K$9:K76)/(A76-4) -> 0.1783996 | M76: =SUM($G$9:G76) -> 12162.993 | N76: =M76/J76 -> 7.4438799
A77: 73 | C77: April | D77: 11282 | E77: =($E$1*D76+$F$1*D75+$G$1*D74+$H$1*D73)/SUM($E$1:$H$1) -> 8960.2114 | G77: =D77-E77 -> 2321.7886 | H77: =ABS(G77) -> 2321.7886 | I77: =SUMSQ($G$9:G77)/(A77-4) -> 4190574.6 | J77: =SUM($H$9:H77)/(A77-4) -> 1643.9274 | K77: =H77/D77 -> 0.20579584 | L77: =SUM($K$9:K77)/(A77-4) -> 0.17879664 | M77: =SUM($G$9:G77) -> 14484.782 | N77: =M77/J77 -> 8.8110839
A78: 74 | C78: May | D78: 12870 | E78: =($E$1*D77+$F$1*D76+$G$1*D75+$H$1*D74)/SUM($E$1:$H$1) -> 10030.877 | G78: =D78-E78 -> 2839.1235 | H78: =ABS(G78) -> 2839.1235 | I78: =SUMSQ($G$9:G78)/(A78-4) -> 4245860.9 | J78: =SUM($H$9:H78)/(A78-4) -> 1661.0016 | K78: =H78/D78 -> 0.22060011 | L78: =SUM($K$9:K78)/(A78-4) -> 0.17939384 | M78: =SUM($G$9:G78) -> 17323.905 | N78: =M78/J78 -> 10.429795
A79: 75 | C79: June | D79: 17811 | E79: =($E$1*D78+$F$1*D77+$G$1*D76+$H$1*D75)/SUM($E$1:$H$1) -> 10766.194 | G79: =D79-E79 -> 7044.8065 | H79: =ABS(G79) -> 7044.8065 | I79: =SUMSQ($G$9:G79)/(A79-4) -> 4885064.3 | J79: =SUM($H$9:H79)/(A79-4) -> 1736.8298 | K79: =H79/D79 -> 0.39553122 | L79: =SUM($K$9:K79)/(A79-4) -> 0.18243802 | M79: =SUM($G$9:G79) -> 24368.712 | N79: =M79/J79 -> 14.03057
A80: 76 | C80: July | D80: 12128 | E80: =($E$1*D79+$F$1*D78+$G$1*D77+$H$1*D76)/SUM($E$1:$H$1) -> 13795.508 | G80: =D80-E80 -> -1667.5082 | H80: =ABS(G80) -> 1667.5082 | I80: =SUMSQ($G$9:G80)/(A80-4) -> 4855835.4 | J80: =SUM($H$9:H80)/(A80-4) -> 1735.867 | K80: =H80/D80 -> 0.13749243 | L80: =SUM($K$9:K80)/(A80-4) -> 0.18181378 | M80: =SUM($G$9:G80) -> 22701.204 | N80: =M80/J80 -> 13.077732
A81: 77 | C81: August | D81: 10161 | E81: =($E$1*D80+$F$1*D79+$G$1*D78+$H$1*D77)/SUM($E$1:$H$1) -> 11955.862 | G81: =D81-E81 -> -1794.8617 | H81: =ABS(G81) -> 1794.8617 | I81: =SUMSQ($G$9:G81)/(A81-4) -> 4833447.6 | J81: =SUM($H$9:H81)/(A81-4) -> 1736.6752 | K81: =H81/D81 -> 0.17664223 | L81: =SUM($K$9:K81)/(A81-4) -> 0.18174294 | M81: =SUM($G$9:G81) -> 20906.342 | N81: =M81/J81 -> 12.038142
A82: 78 | C82: September | D82: 16359 | E82: =($E$1*D81+$F$1*D80+$G$1*D79+$H$1*D78)/SUM($E$1:$H$1) -> 12702.535 | G82: =D82-E82 -> 3656.465 | H82: =ABS(G82) -> 3656.465 | I82: =SUMSQ($G$9:G82)/(A82-4) -> 4948802.9 | J82: =SUM($H$9:H82)/(A82-4) -> 1762.6183 | K82: =H82/D82 -> 0.22351397 | L82: =SUM($K$9:K82)/(A82-4) -> 0.18230741 | M82: =SUM($G$9:G82) -> 24562.807 | N82: =M82/J82 -> 13.935409
A83: 79 | C83: October | D83: 17796 | E83: =($E$1*D82+$F$1*D81+$G$1*D80+$H$1*D79)/SUM($E$1:$H$1) -> 16067.33 | G83: =D83-E83 -> 1728.6701 | H83: =ABS(G83) -> 1728.6701 | I83: =SUMSQ($G$9:G83)/(A83-4) -> 4922662.8 | J83: =SUM($H$9:H83)/(A83-4) -> 1762.1656 | K83: =H83/D83 -> 0.097138124 | L83: =SUM($K$9:K83)/(A83-4) -> 0.18117182 | M83: =SUM($G$9:G83) -> 26291.477 | N83: =M83/J83 -> 14.91998
A84: 80 | C84: November | D84: 11604 | E84: =($E$1*D83+$F$1*D82+$G$1*D81+$H$1*D80)/SUM($E$1:$H$1) -> 14140.166 | G84: =D84-E84 -> -2536.1656 | H84: =ABS(G84) -> 2536.1656 | I84: =SUMSQ($G$9:G84)/(A84-4) -> 4942524.3 | J84: =SUM($H$9:H84)/(A84-4) -> 1772.3498 | K84: =H84/D84 -> 0.2185596 | L84: =SUM($K$9:K84)/(A84-4) -> 0.18166376 | M84: =SUM($G$9:G84) -> 23755.311 | N84: =M84/J84 -> 13.403286
A85: 81 | C85: December | D85: 11517 | E85: =($E$1*D84+$F$1*D83+$G$1*D82+$H$1*D81)/SUM($E$1:$H$1) -> 12003.091 | G85: =D85-E85 -> -486.0912 | H85: =ABS(G85) -> 486.0912 | I85: =SUMSQ($G$9:G85)/(A85-4) -> 4881404.3 | J85: =SUM($H$9:H85)/(A85-4) -> 1755.6452 | K85: =H85/D85 -> 0.042206408 | L85: =SUM($K$9:K85)/(A85-4) -> 0.17985263 | M85: =SUM($G$9:G85) -> 23269.22 | N85: =M85/J85 -> 13.253942
A86: 82 | B86: 2010 | C86: January | D86: 15925 | E86: =($E$1*D85+$F$1*D84+$G$1*D83+$H$1*D82)/SUM($E$1:$H$1) -> 14591.759 | G86: =D86-E86 -> 1333.2406 | H86: =ABS(G86) -> 1333.2406 | I86: =SUMSQ($G$9:G86)/(A86-4) -> 4841611.1 | J86: =SUM($H$9:H86)/(A86-4) -> 1750.2297 | K86: =H86/D86 -> 0.083719974 | L86: =SUM($K$9:K86)/(A86-4) -> 0.17862016 | M86: =SUM($G$9:G86) -> 24602.461 | N86: =M86/J86 -> 14.056704
A87: 83 | C87: February | D87: 13532 | E87: =($E$1*D86+$F$1*D85+$G$1*D84+$H$1*D83)/SUM($E$1:$H$1) -> 15773.672 | G87: =D87-E87 -> -2241.672 | H87: =ABS(G87) -> 2241.672 | I87: =SUMSQ($G$9:G87)/(A87-4) -> 4843933.6 | J87: =SUM($H$9:H87)/(A87-4) -> 1756.4505 | K87: =H87/D87 -> 0.16565711 | L87: =SUM($K$9:K87)/(A87-4) -> 0.17845607 | M87: =SUM($G$9:G87) -> 22360.789 | N87: =M87/J87 -> 12.730668
A88: 84 | C88: March | D88: 14648 | E88: =($E$1*D87+$F$1*D86+$G$1*D85+$H$1*D84)/SUM($E$1:$H$1) -> 12404.002 | G88: =D88-E88 -> 2243.9975 | H88: =ABS(G88) -> 2243.9975 | I88: =SUMSQ($G$9:G88)/(A88-4) -> 4846328.5 | J88: =SUM($H$9:H88)/(A88-4) -> 1762.5449 | K88: =H88/D88 -> 0.15319481 | L88: =SUM($K$9:K88)/(A88-4) -> 0.1781403 | M88: =SUM($G$9:G88) -> 24604.786 | N88: =M88/J88 -> 13.959807
A89: 85 | C89: April | D89: 15697 | E89: =($E$1*D88+$F$1*D87+$G$1*D86+$H$1*D85)/SUM($E$1:$H$1) -> 13719.284 | G89: =D89-E89 -> 1977.7159 | H89: =ABS(G89) -> 1977.7159 | I89: =SUMSQ($G$9:G89)/(A89-4) -> 4834785.7 | J89: =SUM($H$9:H89)/(A89-4) -> 1765.2013 | K89: =H89/D89 -> 0.12599324 | L89: =SUM($K$9:K89)/(A89-4) -> 0.17749651 | M89: =SUM($G$9:G89) -> 26582.502 | N89: =M89/J89 -> 15.05919
A90: 86 | C90: May | D90: 16653 | E90: =($E$1*D89+$F$1*D88+$G$1*D87+$H$1*D86)/SUM($E$1:$H$1) -> 15353.301 | G90: =D90-E90 -> 1299.6995 | H90: =ABS(G90) -> 1299.6995 | I90: =SUMSQ($G$9:G90)/(A90-4) -> 4796425.1 | J90: =SUM($H$9:H90)/(A90-4) -> 1759.5245 | K90: =H90/D90 -> 0.078045967 | L90: =SUM($K$9:K90)/(A90-4) -> 0.1762837 | M90: =SUM($G$9:G90) -> 27882.202 | N90: =M90/J90 -> 15.846442
A91: 87 | C91: June | D91: 15411 | E91: =($E$1*D90+$F$1*D89+$G$1*D88+$H$1*D87)/SUM($E$1:$H$1) -> 15076.527 | G91: =D91-E91 -> 334.47252 | H91: =ABS(G91) -> 334.47252 | I91: =SUMSQ($G$9:G91)/(A91-4) -> 4739984.7 | J91: =SUM($H$9:H91)/(A91-4) -> 1742.3552 | K91: =H91/D91 -> 0.021703493 | L91: =SUM($K$9:K91)/(A91-4) -> 0.17442129 | M91: =SUM($G$9:G91) -> 28216.674 | N91: =M91/J91 -> 16.194559
A92: 88 | C92: July | D92: 13534 | E92: =($E$1*D91+$F$1*D90+$G$1*D89+$H$1*D88)/SUM($E$1:$H$1) -> 15179.678 | G92: =D92-E92 -> -1645.6777 | H92: =ABS(G92) -> 1645.6777 | I92: =SUMSQ($G$9:G92)/(A92-4) -> 4715797.5 | J92: =SUM($H$9:H92)/(A92-4) -> 1741.2042 | K92: =H92/D92 -> 0.12159581 | L92: =SUM($K$9:K92)/(A92-4) -> 0.17379241 | M92: =SUM($G$9:G92) -> 26570.996 | N92: =M92/J92 -> 15.260126
A93: 89 | C93: August | D93: 12454 | E93: =($E$1*D92+$F$1*D91+$G$1*D90+$H$1*D89)/SUM($E$1:$H$1) -> 14969.893 | G93: =D93-E93 -> -2515.8929 | H93: =ABS(G93) -> 2515.8929 | I93: =SUMSQ($G$9:G93)/(A93-4) -> 4734784.8 | J93: =SUM($H$9:H93)/(A93-4) -> 1750.3182 | K93: =H93/D93 -> 0.20201485 | L93: =SUM($K$9:K93)/(A93-4) -> 0.17412444 | M93: =SUM($G$9:G93) -> 24055.104 | N93: =M93/J93 -> 13.743274
A94: 90 | C94: September | D94: 16300 | E94: =($E$1*D93+$F$1*D92+$G$1*D91+$H$1*D90)/SUM($E$1:$H$1) -> 14626.498 | G94: =D94-E94 -> 1673.5016 | H94: =ABS(G94) -> 1673.5016 | I94: =SUMSQ($G$9:G94)/(A94-4) -> 4712294.3 | J94: =SUM($H$9:H94)/(A94-4) -> 1749.425 | K94: =H94/D94 -> 0.10266881 | L94: =SUM($K$9:K94)/(A94-4) -> 0.17329356 | M94: =SUM($G$9:G94) -> 25728.605 | N94: =M94/J94 -> 14.706892
A95: 91 | C95: October | D95: 23378 | E95: =($E$1*D94+$F$1*D93+$G$1*D92+$H$1*D91)/SUM($E$1:$H$1) -> 15415.228 | G95: =D95-E95 -> 7962.7718 | H95: =ABS(G95) -> 7962.7718 | I95: =SUMSQ($G$9:G95)/(A95-4) -> 5386931.6 | J95: =SUM($H$9:H95)/(A95-4) -> 1820.8428 | K95: =H95/D95 -> 0.34060962 | L95: =SUM($K$9:K95)/(A95-4) -> 0.17521674 | M95: =SUM($G$9:G95) -> 33691.377 | N95: =M95/J95 -> 18.503177
A96: 92 | C96: November | D96: 16975 | E96: =($E$1*D95+$F$1*D94+$G$1*D93+$H$1*D92)/SUM($E$1:$H$1) -> 17492.444 | G96: =D96-E96 -> -517.44403 | H96: =ABS(G96) -> 517.44403 | I96: =SUMSQ($G$9:G96)/(A96-4) -> 5328759 | J96: =SUM($H$9:H96)/(A96-4) -> 1806.0314 | K96: =H96/D96 -> 0.030482712 | L96: =SUM($K$9:K96)/(A96-4) -> 0.17357203 | M96: =SUM($G$9:G96) -> 33173.933 | N96: =M96/J96 -> 18.368414
A97: 93 | C97: December | D97: 15135 | E97: =($E$1*D96+$F$1*D95+$G$1*D94+$H$1*D93)/SUM($E$1:$H$1) -> 15133.934 | G97: =D97-E97 -> 1.0655354 | H97: =ABS(G97) -> 1.0655354 | I97: =SUMSQ($G$9:G97)/(A97-4) -> 5268885.4 | J97: =SUM($H$9:H97)/(A97-4) -> 1785.7509 | K97: =H97/D97 -> 7.0402075e-05 | L97: =SUM($K$9:K97)/(A97-4) -> 0.17162258 | M97: =SUM($G$9:G97) -> 33174.998 | N97: =M97/J97 -> 18.577618
A98: 94 | B98: 2011 | C98: January | D98: 19430 | E98: =($E$1*D97+$F$1*D96+$G$1*D95+$H$1*D94)/SUM($E$1:$H$1) -> 17211.263 | G98: =D98-E98 -> 2218.7374 | H98: =ABS(G98) -> 2218.7374 | I98: =SUMSQ($G$9:G98)/(A98-4) -> 5265039.9 | J98: =SUM($H$9:H98)/(A98-4) -> 1790.5619 | K98: =H98/D98 -> 0.11419132 | L98: =SUM($K$9:K98)/(A98-4) -> 0.17098445 | M98: =SUM($G$9:G98) -> 35393.736 | N98: =M98/J98 -> 19.766832
A99: 95 | C99: February | D99: 17534 | E99: =($E$1*D98+$F$1*D97+$G$1*D96+$H$1*D95)/SUM($E$1:$H$1) -> 20433.351 | G99: =D99-E99 -> -2899.3508 | H99: =ABS(G99) -> 2899.3508 | I99: =SUMSQ($G$9:G99)/(A99-4) -> 5299558.5 | J99: =SUM($H$9:H99)/(A99-4) -> 1802.7464 | K99: =H99/D99 -> 0.16535593 | L99: =SUM($K$9:K99)/(A99-4) -> 0.1709226 | M99: =SUM($G$9:G99) -> 32494.385 | N99: =M99/J99 -> 18.024934
A100: 96 | C100: March | D100: 17822 | E100: =($E$1*D99+$F$1*D98+$G$1*D97+$H$1*D96)/SUM($E$1:$H$1) -> 16846.687 | G100: =D100-E100 -> 975.31267 | H100: =ABS(G100) -> 975.31267 | I100: =SUMSQ($G$9:G100)/(A100-4) -> 5252294.1 | J100: =SUM($H$9:H100)/(A100-4) -> 1793.7525 | K100: =H100/D100 -> 0.054725209 | L100: =SUM($K$9:K100)/(A100-4) -> 0.16965958 | M100: =SUM($G$9:G100) -> 33469.698 | N100: =M100/J100 -> 18.659039
A101: 97 | C101: April | D101: 17740 | E101: =($E$1*D100+$F$1*D99+$G$1*D98+$H$1*D97)/SUM($E$1:$H$1) -> 17126.641 | G101: =D101-E101 -> 613.35858 | H101: =ABS(G101) -> 613.35858 | I101: =SUMSQ($G$9:G101)/(A101-4) -> 5199863.1 | J101: =SUM($H$9:H101)/(A101-4) -> 1781.0601 | K101: =H101/D101 -> 0.034574892 | L101: =SUM($K$9:K101)/(A101-4) -> 0.16820706 | M101: =SUM($G$9:G101) -> 34083.056 | N101: =M101/J101 -> 19.136387
...

Sheet Regression
A1: #Month t | B1: Year | C1: Month | D1: Actual Demand | E1: Forecast | G1: Forecast error | H1: Absolute error | I1: MAD | J1: SE | K1: MSE | L1: APE | M1: MAPE | N1: Bias | O1: TS
A2: 1 | B2: 2003 | C2: April | D2: 4698 | E2: =($C$130*A2)+$C$129 -> 4892.4507 | G2: =D2-E2 -> -194.45073 | H2: =ABS(G2) -> 194.45073 | I2: =AVERAGE($H$2:H2) -> 194.45073 | J2: =G2^2 -> 37811.087 | K2: =SUMSQ($G$2:G2)/(A2) -> 37811.087 | L2: =H2/D2 -> 0.041390109 | M2: =SUM($L$2:L2)/(A2) -> 0.041390109 | N2: =SUM($G$2:G2) -> -194.45073 | O2: =N2/I2 -> -1
A3: 2 | C3: May | D3: 4605 | E3: =($C$130*A3)+$C$129 -> 5012.249 | G3: =D3-E3 -> -407.24899 | H3: =ABS(G3) -> 407.24899 | I3: =AVERAGE($H$2:H3) -> 300.84986 | J3: =G3^2 -> 165851.74 | K3: =SUMSQ($G$2:G3)/(A3) -> 101831.41 | L3: =H3/D3 -> 0.088436262 | M3: =SUM($L$2:L3)/(A3) -> 0.064913185 | N3: =SUM($G$2:G3) -> -601.69972 | O3: =N3/I3 -> -2
A4: 3 | C4: June | D4: 4859 | E4: =($C$130*A4)+$C$129 -> 5132.0472 | G4: =D4-E4 -> -273.04724 | H4: =ABS(G4) -> 273.04724 | I4: =AVERAGE($H$2:H4) -> 291.58232 | J4: =G4^2 -> 74554.796 | K4: =SUMSQ($G$2:G4)/(A4) -> 92739.207 | L4: =H4/D4 -> 0.056194123 | M4: =SUM($L$2:L4)/(A4) -> 0.062006831 | N4: =SUM($G$2:G4) -> -874.74696 | O4: =N4/I4 -> -3
A5: 4 | C5: July | D5: 4136 | E5: =($C$130*A5)+$C$129 -> 5251.8455 | G5: =D5-E5 -> -1115.8455 | H5: =ABS(G5) -> 1115.8455 | I5: =AVERAGE($H$2:H5) -> 497.64811 | J5: =G5^2 -> 1245111.2 | K5: =SUMSQ($G$2:G5)/(A5) -> 380832.2 | L5: =H5/D5 -> 0.26978856 | M5: =SUM($L$2:L5)/(A5) -> 0.11395226 | N5: =SUM($G$2:G5) -> -1990.5925 | O5: =N5/I5 -> -4
A6: 5 | C6: August | D6: 3872 | E6: =($C$130*A6)+$C$129 -> 5371.6438 | G6: =D6-E6 -> -1499.6438 | H6: =ABS(G6) -> 1499.6438 | I6: =AVERAGE($H$2:H6) -> 698.04724 | J6: =G6^2 -> 2248931.4 | K6: =SUMSQ($G$2:G6)/(A6) -> 754452.04 | L6: =H6/D6 -> 0.38730469 | M6: =SUM($L$2:L6)/(A6) -> 0.16862275 | N6: =SUM($G$2:G6) -> -3490.2362 | O6: =N6/I6 -> -5
A7: 6 | C7: September | D7: 5938 | E7: =($C$130*A7)+$C$129 -> 5491.442 | G7: =D7-E7 -> 446.55799 | H7: =ABS(G7) -> 446.55799 | I7: =AVERAGE($H$2:H7) -> 656.13237 | J7: =G7^2 -> 199414.04 | K7: =SUMSQ($G$2:G7)/(A7) -> 661945.7 | L7: =H7/D7 -> 0.075203434 | M7: =SUM($L$2:L7)/(A7) -> 0.15305286 | N7: =SUM($G$2:G7) -> -3043.6782 | O7: =N7/I7 -> -4.6388174
A8: 7 | C8: October | D8: 8790 | E8: =($C$130*A8)+$C$129 -> 5611.2403 | G8: =D8-E8 -> 3178.7597 | H8: =ABS(G8) -> 3178.7597 | I8: =AVERAGE($H$2:H8) -> 1016.5077 | J8: =G8^2 -> 10104513 | K8: =SUMSQ($G$2:G8)/(A8) -> 2010884 | L8: =H8/D8 -> 0.36163364 | M8: =SUM($L$2:L8)/(A8) -> 0.18285012 | N8: =SUM($G$2:G8) -> 135.08152 | O8: =N8/I8 -> 0.13288784
A9: 8 | C9: November | D9: 6825 | E9: =($C$130*A9)+$C$129 -> 5731.0385 | G9: =D9-E9 -> 1093.9615 | H9: =ABS(G9) -> 1093.9615 | I9: =AVERAGE($H$2:H9) -> 1026.1894 | J9: =G9^2 -> 1196751.7 | K9: =SUMSQ($G$2:G9)/(A9) -> 1909117.4 | L9: =H9/D9 -> 0.1602874 | M9: =SUM($L$2:L9)/(A9) -> 0.18002978 | N9: =SUM($G$2:G9) -> 1229.043 | O9: =N9/I9 -> 1.1976765
A10: 9 | C10: December | D10: 4858 | E10: =($C$130*A10)+$C$129 -> 5850.8368 | G10: =D10-E10 -> -992.83678 | H10: =ABS(G10) -> 992.83678 | I10: =AVERAGE($H$2:H10) -> 1022.4836 | J10: =G10^2 -> 985724.86 | K10: =SUMSQ($G$2:G10)/(A10) -> 1806518.3 | L10: =H10/D10 -> 0.20437151 | M10: =SUM($L$2:L10)/(A10) -> 0.18273441 | N10: =SUM($G$2:G10) -> 236.20622 | O10: =N10/I10 -> 0.23101224
A11: 10 | B11: 2004 | C11: January | D11: 5907 | E11: =($C$130*A11)+$C$129 -> 5970.635 | G11: =D11-E11 -> -63.635031 | H11: =ABS(G11) -> 63.635031 | I11: =AVERAGE($H$2:H11) -> 926.59872 | J11: =G11^2 -> 4049.4172 | K11: =SUMSQ($G$2:G11)/(A11) -> 1626271.4 | L11: =H11/D11 -> 0.010772817 | M11: =SUM($L$2:L11)/(A11) -> 0.16553825 | N11: =SUM($G$2:G11) -> 172.57119 | O11: =N11/I11 -> 0.18624156
A12: 11 | C12: February | D12: 6386 | E12: =($C$130*A12)+$C$129 -> 6090.4333 | G12: =D12-E12 -> 295.56671 | H12: =ABS(G12) -> 295.56671 | I12: =AVERAGE($H$2:H12) -> 869.23218 | J12: =G12^2 -> 87359.682 | K12: =SUMSQ($G$2:G12)/(A12) -> 1486370.3 | L12: =H12/D12 -> 0.046283544 | M12: =SUM($L$2:L12)/(A12) -> 0.15469692 | N12: =SUM($G$2:G12) -> 468.1379 | O12: =N12/I12 -> 0.53856486
A13: 12 | C13: March | D13: 9085 | E13: =($C$130*A13)+$C$129 -> 6210.2315 | G13: =D13-E13 -> 2874.7685 | H13: =ABS(G13) -> 2874.7685 | I13: =AVERAGE($H$2:H13) -> 1036.3602 | J13: =G13^2 -> 8264293.7 | K13: =SUMSQ($G$2:G13)/(A13) -> 2051197.3 | L13: =H13/D13 -> 0.31643021 | M13: =SUM($L$2:L13)/(A13) -> 0.16817469 | N13: =SUM($G$2:G13) -> 3342.9064 | O13: =N13/I13 -> 3.2256221
A14: 13 | C14: April | D14: 6492 | E14: =($C$130*A14)+$C$129 -> 6330.0298 | G14: =D14-E14 -> 161.9702 | H14: =ABS(G14) -> 161.9702 | I14: =AVERAGE($H$2:H14) -> 969.09943 | J14: =G14^2 -> 26234.346 | K14: =SUMSQ($G$2:G14)/(A14) -> 1895430.9 | L14: =H14/D14 -> 0.024949199 | M14: =SUM($L$2:L14)/(A14) -> 0.15715735 | N14: =SUM($G$2:G14) -> 3504.8766 | O14: =N14/I14 -> 3.6166326
A15: 14 | C15: May | D15: 6832 | E15: =($C$130*A15)+$C$129 -> 6449.8281 | G15: =D15-E15 -> 382.17195 | H15: =ABS(G15) -> 382.17195 | I15: =AVERAGE($H$2:H15) -> 927.17604 | J15: =G15^2 -> 146055.4 | K15: =SUMSQ($G$2:G15)/(A15) -> 1770475.5 | L15: =H15/D15 -> 0.055938517 | M15: =SUM($L$2:L15)/(A15) -> 0.14992743 | N15: =SUM($G$2:G15) -> 3887.0485 | O15: =N15/I15 -> 4.1923522
A16: 15 | C16: June | D16: 8867 | E16: =($C$130*A16)+$C$129 -> 6569.6263 | G16: =D16-E16 -> 2297.3737 | H16: =ABS(G16) -> 2297.3737 | I16: =AVERAGE($H$2:H16) -> 1018.5225 | J16: =G16^2 -> 5277925.9 | K16: =SUMSQ($G$2:G16)/(A16) -> 2004305.5 | L16: =H16/D16 -> 0.25909256 | M16: =SUM($L$2:L16)/(A16) -> 0.1572051 | N16: =SUM($G$2:G16) -> 6184.4222 | O16: =N16/I16 -> 6.0719541
A17: 16 | C17: July | D17: 4998 | E17: =($C$130*A17)+$C$129 -> 6689.4246 | G17: =D17-E17 -> -1691.4246 | H17: =ABS(G17) -> 1691.4246 | I17: =AVERAGE($H$2:H17) -> 1060.5789 | J17: =G17^2 -> 2860917.1 | K17: =SUMSQ($G$2:G17)/(A17) -> 2057843.7 | L17: =H17/D17 -> 0.33842028 | M17: =SUM($L$2:L17)/(A17) -> 0.16853105 | N17: =SUM($G$2:G17) -> 4492.9976 | O17: =N17/I17 -> 4.2363633
A18: 17 | C18: August | D18: 5305 | E18: =($C$130*A18)+$C$129 -> 6809.2228 | G18: =D18-E18 -> -1504.2228 | H18: =ABS(G18) -> 1504.2228 | I18: =AVERAGE($H$2:H18) -> 1086.6756 | J18: =G18^2 -> 2262686.3 | K18: =SUMSQ($G$2:G18)/(A18) -> 2069893.3 | L18: =H18/D18 -> 0.28354813 | M18: =SUM($L$2:L18)/(A18) -> 0.17529676 | N18: =SUM($G$2:G18) -> 2988.7748 | O18: =N18/I18 -> 2.7503836
A19: 18 | C19: September | D19: 7618 | E19: =($C$130*A19)+$C$129 -> 6929.0211 | G19: =D19-E19 -> 688.97892 | H19: =ABS(G19) -> 688.97892 | I19: =AVERAGE($H$2:H19) -> 1064.5814 | J19: =G19^2 -> 474691.96 | K19: =SUMSQ($G$2:G19)/(A19) -> 1981271 | L19: =H19/D19 -> 0.090440919 | M19: =SUM($L$2:L19)/(A19) -> 0.17058255 | N19: =SUM($G$2:G19) -> 3677.7537 | O19: =N19/I19 -> 3.4546479
A20: 19 | C20: October | D20: 11443 | E20: =($C$130*A20)+$C$129 -> 7048.8193 | G20: =D20-E20 -> 4394.1807 | H20: =ABS(G20) -> 4394.1807 | I20: =AVERAGE($H$2:H20) -> 1239.8234 | J20: =G20^2 -> 19308824 | K20: =SUMSQ($G$2:G20)/(A20) -> 2893247.5 | L20: =H20/D20 -> 0.384006 | M20: =SUM($L$2:L20)/(A20) -> 0.18181536 | N20: =SUM($G$2:G20) -> 8071.9344 | O20: =N20/I20 -> 6.5105516
A21: 20 | C21: November | D21: 8716 | E21: =($C$130*A21)+$C$129 -> 7168.6176 | G21: =D21-E21 -> 1547.3824 | H21: =ABS(G21) -> 1547.3824 | I21: =AVERAGE($H$2:H21) -> 1255.2014 | J21: =G21^2 -> 2394392.3 | K21: =SUMSQ($G$2:G21)/(A21) -> 2868304.7 | L21: =H21/D21 -> 0.17753355 | M21: =SUM($L$2:L21)/(A21) -> 0.18160127 | N21: =SUM($G$2:G21) -> 9619.3168 | O21: =N21/I21 -> 7.6635646
A22: 21 | C22: December | D22: 6119 | E22: =($C$130*A22)+$C$129 -> 7288.4158 | G22: =D22-E22 -> -1169.4158 | H22: =ABS(G22) -> 1169.4158 | I22: =AVERAGE($H$2:H22) -> 1251.1164 | J22: =G22^2 -> 1367533.4 | K22: =SUMSQ($G$2:G22)/(A22) -> 2796839.4 | L22: =H22/D22 -> 0.19111225 | M22: =SUM($L$2:L22)/(A22) -> 0.18205418 | N22: =SUM($G$2:G22) -> 8449.901 | O22: =N22/I22 -> 6.753889
A23: 22 | B23: 2005 | C23: January | D23: 7408 | E23: =($C$130*A23)+$C$129 -> 7408.2141 | G23: =D23-E23 -> -0.21409903 | H23: =ABS(G23) -> 0.21409903 | I23: =AVERAGE($H$2:H23) -> 1194.2572 | J23: =G23^2 -> 0.045838396 | K23: =SUMSQ($G$2:G23)/(A23) -> 2669710.3 | L23: =H23/D23 -> 2.8901058e-05 | M23: =SUM($L$2:L23)/(A23) -> 0.1737803 | N23: =SUM($G$2:G23) -> 8449.6869 | O23: =N23/I23 -> 7.0752658
A24: 23 | C24: February | D24: 7493 | E24: =($C$130*A24)+$C$129 -> 7528.0124 | G24: =D24-E24 -> -35.012355 | H24: =ABS(G24) -> 35.012355 | I24: =AVERAGE($H$2:H24) -> 1143.8552 | J24: =G24^2 -> 1225.865 | K24: =SUMSQ($G$2:G24)/(A24) -> 2553689.3 | L24: =H24/D24 -> 0.0046726751 | M24: =SUM($L$2:L24)/(A24) -> 0.16642779 | N24: =SUM($G$2:G24) -> 8414.6745 | O24: =N24/I24 -> 7.3564158
A25: 24 | C25: March | D25: 8541 | E25: =($C$130*A25)+$C$129 -> 7647.8106 | G25: =D25-E25 -> 893.18939 | H25: =ABS(G25) -> 893.18939 | I25: =AVERAGE($H$2:H25) -> 1133.4108 | J25: =G25^2 -> 797787.29 | K25: =SUMSQ($G$2:G25)/(A25) -> 2480526.7 | L25: =H25/D25 -> 0.10457668 | M25: =SUM($L$2:L25)/(A25) -> 0.16385066 | N25: =SUM($G$2:G25) -> 9307.8639 | O25: =N25/I25 -> 8.2122597
A26: 25 | C26: April | D26: 8029 | E26: =($C$130*A26)+$C$129 -> 7767.6089 | G26: =D26-E26 -> 261.39113 | H26: =ABS(G26) -> 261.39113 | I26: =AVERAGE($H$2:H26) -> 1098.53 | J26: =G26^2 -> 68325.325 | K26: =SUMSQ($G$2:G26)/(A26) -> 2384038.6 | L26: =H26/D26 -> 0.032555877 | M26: =SUM($L$2:L26)/(A26) -> 0.15859887 | N26: =SUM($G$2:G26) -> 9569.255 | O26: =N26/I26 -> 8.7109636
A27: 26 | C27: May | D27: 8650 | E27: =($C$130*A27)+$C$129 -> 7887.4071 | G27: =D27-E27 -> 762.59288 | H27: =ABS(G27) -> 762.59288 | I27: =AVERAGE($H$2:H27) -> 1085.6094 | J27: =G27^2 -> 581547.9 | K27: =SUMSQ($G$2:G27)/(A27) -> 2314712.1 | L27: =H27/D27 -> 0.088161026 | M27: =SUM($L$2:L27)/(A27) -> 0.15588973 | N27: =SUM($G$2:G27) -> 10331.848 | O27: =N27/I27 -> 9.5170955
A28: 27 | C28: June | D28: 9960 | E28: =($C$130*A28)+$C$129 -> 8007.2054 | G28: =D28-E28 -> 1952.7946 | H28: =ABS(G28) -> 1952.7946 | I28: =AVERAGE($H$2:H28) -> 1117.7273 | J28: =G28^2 -> 3813406.8 | K28: =SUMSQ($G$2:G28)/(A28) -> 2370219.3 | L28: =H28/D28 -> 0.19606372 | M28: =SUM($L$2:L28)/(A28) -> 0.15737765 | N28: =SUM($G$2:G28) -> 12284.643 | O28: =N28/I28 -> 10.990733
A29: 28 | C29: July | D29: 7152 | E29: =($C$130*A29)+$C$129 -> 8127.0036 | G29: =D29-E29 -> -975.00363 | H29: =ABS(G29) -> 975.00363 | I29: =AVERAGE($H$2:H29) -> 1112.6301 | J29: =G29^2 -> 950632.08 | K29: =SUMSQ($G$2:G29)/(A29) -> 2319519.7 | L29: =H29/D29 -> 0.13632601 | M29: =SUM($L$2:L29)/(A29) -> 0.15662581 | N29: =SUM($G$2:G29) -> 11309.639 | O29: =N29/I29 -> 10.164779
A30: 29 | C30: August | D30: 7322 | E30: =($C$130*A30)+$C$129 -> 8246.8019 | G30: =D30-E30 -> -924.80189 | H30: =ABS(G30) -> 924.80189 | I30: =AVERAGE($H$2:H30) -> 1106.1532 | J30: =G30^2 -> 855258.53 | K30: =SUMSQ($G$2:G30)/(A30) -> 2269028 | L30: =H30/D30 -> 0.12630455 | M30: =SUM($L$2:L30)/(A30) -> 0.15558025 | N30: =SUM($G$2:G30) -> 10384.837 | O30: =N30/I30 -> 9.3882446
A31: 30 | C31: September | D31: 9239 | E31: =($C$130*A31)+$C$129 -> 8366.6001 | G31: =D31-E31 -> 872.39986 | H31: =ABS(G31) -> 872.39986 | I31: =AVERAGE($H$2:H31) -> 1098.3614 | J31: =G31^2 -> 761081.51 | K31: =SUMSQ($G$2:G31)/(A31) -> 2218763.1 | L31: =H31/D31 -> 0.094425788 | M31: =SUM($L$2:L31)/(A31) -> 0.15354176 | N31: =SUM($G$2:G31) -> 11257.237 | O31: =N31/I31 -> 10.249119
A32: 31 | C32: October | D32: 14123 | E32: =($C$130*A32)+$C$129 -> 8486.3984 | G32: =D32-E32 -> 5636.6016 | H32: =ABS(G32) -> 5636.6016 | I32: =AVERAGE($H$2:H32) -> 1244.7563 | J32: =G32^2 -> 31771278 | K32: =SUMSQ($G$2:G32)/(A32) -> 3172070 | L32: =H32/D32 -> 0.39910795 | M32: =SUM($L$2:L32)/(A32) -> 0.16146325 | N32: =SUM($G$2:G32) -> 16893.838 | O32: =N32/I32 -> 13.572005
A33: 32 | C33: November | D33: 9566 | E33: =($C$130*A33)+$C$129 -> 8606.1967 | G33: =D33-E33 -> 959.80334 | H33: =ABS(G33) -> 959.80334 | I33: =AVERAGE($H$2:H33) -> 1235.8515 | J33: =G33^2 -> 921222.46 | K33: =SUMSQ($G$2:G33)/(A33) -> 3101731 | L33: =H33/D33 -> 0.10033487 | M33: =SUM($L$2:L33)/(A33) -> 0.15955299 | N33: =SUM($G$2:G33) -> 17853.642 | O33: =N33/I33 -> 14.44643
A34: 33 | C34: December | D34: 7341 | E34: =($C$130*A34)+$C$129 -> 8725.9949 | G34: =D34-E34 -> -1384.9949 | H34: =ABS(G34) -> 1384.9949 | I34: =AVERAGE($H$2:H34) -> 1240.371 | J34: =G34^2 -> 1918210.9 | K34: =SUMSQ($G$2:G34)/(A34) -> 3065866.8 | L34: =H34/D34 -> 0.1886657 | M34: =SUM($L$2:L34)/(A34) -> 0.16043519 | N34: =SUM($G$2:G34) -> 16468.647 | O34: =N34/I34 -> 13.277194
A35: 34 | B35: 2006 | C35: January | D35: 9404 | E35: =($C$130*A35)+$C$129 -> 8845.7932 | G35: =D35-E35 -> 558.20683 | H35: =ABS(G35) -> 558.20683 | I35: =AVERAGE($H$2:H35) -> 1220.3074 | J35: =G35^2 -> 311594.87 | K35: =SUMSQ($G$2:G35)/(A35) -> 2984858.8 | L35: =H35/D35 -> 0.059358447 | M35: =SUM($L$2:L35)/(A35) -> 0.15746235 | N35: =SUM($G$2:G35) -> 17026.854 | O35: =N35/I35 -> 13.952922
A36: 35 | C36: February | D36: 8613 | E36: =($C$130*A36)+$C$129 -> 8965.5914 | G36: =D36-E36 -> -352.59142 | H36: =ABS(G36) -> 352.59142 | I36: =AVERAGE($H$2:H36) -> 1195.5155 | J36: =G36^2 -> 124320.71 | K36: =SUMSQ($G$2:G36)/(A36) -> 2903129.1 | L36: =H36/D36 -> 0.040937121 | M36: =SUM($L$2:L36)/(A36) -> 0.15413306 | N36: =SUM($G$2:G36) -> 16674.262 | O36: =N36/I36 -> 13.947341
A37: 36 | C37: March | D37: 9425 | E37: =($C$130*A37)+$C$129 -> 9085.3897 | G37: =D37-E37 -> 339.61032 | H37: =ABS(G37) -> 339.61032 | I37: =AVERAGE($H$2:H37) -> 1171.7403 | J37: =G37^2 -> 115335.17 | K37: =SUMSQ($G$2:G37)/(A37) -> 2825690.4 | L37: =H37/D37 -> 0.036032925 | M37: =SUM($L$2:L37)/(A37) -> 0.1508525 | N37: =SUM($G$2:G37) -> 17013.873 | O37: =N37/I37 -> 14.520173
A38: 37 | C38: April | D38: 10905 | E38: =($C$130*A38)+$C$129 -> 9205.1879 | G38: =D38-E38 -> 1699.8121 | H38: =ABS(G38) -> 1699.8121 | I38: =AVERAGE($H$2:H38) -> 1186.0125 | J38: =G38^2 -> 2889361.1 | K38: =SUMSQ($G$2:G38)/(A38) -> 2827411.2 | L38: =H38/D38 -> 0.15587456 | M38: =SUM($L$2:L38)/(A38) -> 0.15098823 | N38: =SUM($G$2:G38) -> 18713.685 | O38: =N38/I38 -> 15.778657
A39: 38 | C39: May | D39: 9842 | E39: =($C$130*A39)+$C$129 -> 9324.9862 | G39: =D39-E39 -> 517.01381 | H39: =ABS(G39) -> 517.01381 | I39: =AVERAGE($H$2:H39) -> 1168.4073 | J39: =G39^2 -> 267303.28 | K39: =SUMSQ($G$2:G39)/(A39) -> 2760040 | L39: =H39/D39 -> 0.052531377 | M39: =SUM($L$2:L39)/(A39) -> 0.14839726 | N39: =SUM($G$2:G39) -> 19230.699 | O39: =N39/I39 -> 16.4589
A40: 39 | C40: June | D40: 12259 | E40: =($C$130*A40)+$C$129 -> 9444.7844 | G40: =D40-E40 -> 2814.2156 | H40: =ABS(G40) -> 2814.2156 | I40: =AVERAGE($H$2:H40) -> 1210.6075 | J40: =G40^2 -> 7919809.2 | K40: =SUMSQ($G$2:G40)/(A40) -> 2892341.7 | L40: =H40/D40 -> 0.22956322 | M40: =SUM($L$2:L40)/(A40) -> 0.15047844 | N40: =SUM($G$2:G40) -> 22044.914 | O40: =N40/I40 -> 18.209794
A41: 40 | C41: July | D41: 9285 | E41: =($C$130*A41)+$C$129 -> 9564.5827 | G41: =D41-E41 -> -279.5827 | H41: =ABS(G41) -> 279.5827 | I41: =AVERAGE($H$2:H41) -> 1187.3319 | J41: =G41^2 -> 78166.486 | K41: =SUMSQ($G$2:G41)/(A41) -> 2821987.4 | L41: =H41/D41 -> 0.030111222 | M41: =SUM($L$2:L41)/(A41) -> 0.14746926 | N41: =SUM($G$2:G41) -> 21765.331 | O41: =N41/I41 -> 18.331295
A42: 41 | C42: August | D42: 7950 | E42: =($C$130*A42)+$C$129 -> 9684.381 | G42: =D42-E42 -> -1734.381 | H42: =ABS(G42) -> 1734.381 | I42: =AVERAGE($H$2:H42) -> 1200.6746 | J42: =G42^2 -> 3008077.3 | K42: =SUMSQ($G$2:G42)/(A42) -> 2826526.1 | L42: =H42/D42 -> 0.21816113 | M42: =SUM($L$2:L42)/(A42) -> 0.14919345 | N42: =SUM($G$2:G42) -> 20030.95 | O42: =N42/I42 -> 16.683081
A43: 42 | C43: September | D43: 11482 | E43: =($C$130*A43)+$C$129 -> 9804.1792 | G43: =D43-E43 -> 1677.8208 | H43: =ABS(G43) -> 1677.8208 | I43: =AVERAGE($H$2:H43) -> 1212.0352 | J43: =G43^2 -> 2815082.6 | K43: =SUMSQ($G$2:G43)/(A43) -> 2826253.7 | L43: =H43/D43 -> 0.14612618 | M43: =SUM($L$2:L43)/(A43) -> 0.14912042 | N43: =SUM($G$2:G43) -> 21708.771 | O43: =N43/I43 -> 17.911007
A44: 43 | C44: October | D44: 15817 | E44: =($C$130*A44)+$C$129 -> 9923.9775 | G44: =D44-E44 -> 5893.0225 | H44: =ABS(G44) -> 5893.0225 | I44: =AVERAGE($H$2:H44) -> 1320.8954 | J44: =G44^2 -> 34727715 | K44: =SUMSQ($G$2:G44)/(A44) -> 3568148.1 | L44: =H44/D44 -> 0.37257524 | M44: =SUM($L$2:L44)/(A44) -> 0.15431704 | N44: =SUM($G$2:G44) -> 27601.794 | O44: =N44/I44 -> 20.896276
A45: 44 | C45: November | D45: 10288 | E45: =($C$130*A45)+$C$129 -> 10043.776 | G45: =D45-E45 -> 244.22428 | H45: =ABS(G45) -> 244.22428 | I45: =AVERAGE($H$2:H45) -> 1296.4256 | J45: =G45^2 -> 59645.497 | K45: =SUMSQ($G$2:G45)/(A45) -> 3488409.4 | L45: =H45/D45 -> 0.023738752 | M45: =SUM($L$2:L45)/(A45) -> 0.15134935 | N45: =SUM($G$2:G45) -> 27846.018 | O45: =N45/I45 -> 21.479072
A46: 45 | C46: December | D46: 8743 | E46: =($C$130*A46)+$C$129 -> 10163.574 | G46: =D46-E46 -> -1420.574 | H46: =ABS(G46) -> 1420.574 | I46: =AVERAGE($H$2:H46) -> 1299.1844 | J46: =G46^2 -> 2018030.4 | K46: =SUMSQ($G$2:G46)/(A46) -> 3455734.3 | L46: =H46/D46 -> 0.1624813 | M46: =SUM($L$2:L46)/(A46) -> 0.15159673 | N46: =SUM($G$2:G46) -> 26425.444 | O46: =N46/I46 -> 20.340026
A47: 46 | B47: 2007 | C47: January | D47: 10419 | E47: =($C$130*A47)+$C$129 -> 10283.372 | G47: =D47-E47 -> 135.62777 | H47: =ABS(G47) -> 135.62777 | I47: =AVERAGE($H$2:H47) -> 1273.8897 | J47: =G47^2 -> 18394.891 | K47: =SUMSQ($G$2:G47)/(A47) -> 3381009.6 | L47: =H47/D47 -> 0.01301735 | M47: =SUM($L$2:L47)/(A47) -> 0.14858414 | N47: =SUM($G$2:G47) -> 26561.072 | O47: =N47/I47 -> 20.85037
A48: 47 | C48: February | D48: 8801 | E48: =($C$130*A48)+$C$129 -> 10403.17 | G48: =D48-E48 -> -1602.1705 | H48: =ABS(G48) -> 1602.1705 | I48: =AVERAGE($H$2:H48) -> 1280.8744 | J48: =G48^2 -> 2566950.3 | K48: =SUMSQ($G$2:G48)/(A48) -> 3363689.2 | L48: =H48/D48 -> 0.18204414 | M48: =SUM($L$2:L48)/(A48) -> 0.14929605 | N48: =SUM($G$2:G48) -> 24958.901 | O48: =N48/I48 -> 19.48583
A49: 48 | C49: March | D49: 8631 | E49: =($C$130*A49)+$C$129 -> 10522.969 | G49: =D49-E49 -> -1891.9687 | H49: =ABS(G49) -> 1891.9687 | I49: =AVERAGE($H$2:H49) -> 1293.6055 | J49: =G49^2 -> 3579545.7 | K49: =SUMSQ($G$2:G49)/(A49) -> 3368186.2 | L49: =H49/D49 -> 0.2192062 | M49: =SUM($L$2:L49)/(A49) -> 0.15075251 | N49: =SUM($G$2:G49) -> 23066.933 | O49: =N49/I49 -> 17.831504
A50: 49 | C50: April | D50: 9682 | E50: =($C$130*A50)+$C$129 -> 10642.767 | G50: =D50-E50 -> -960.767 | H50: =ABS(G50) -> 960.767 | I50: =AVERAGE($H$2:H50) -> 1286.8129 | J50: =G50^2 -> 923073.23 | K50: =SUMSQ($G$2:G50)/(A50) -> 3318285.9 | L50: =H50/D50 -> 0.099232287 | M50: =SUM($L$2:L50)/(A50) -> 0.14970108 | N50: =SUM($G$2:G50) -> 22106.166 | O50: =N50/I50 -> 17.179005
A51: 50 | C51: May | D51: 9052 | E51: =($C$130*A51)+$C$129 -> 10762.565 | G51: =D51-E51 -> -1710.5653 | H51: =ABS(G51) -> 1710.5653 | I51: =AVERAGE($H$2:H51) -> 1295.288 | J51: =G51^2 -> 2926033.5 | K51: =SUMSQ($G$2:G51)/(A51) -> 3310440.9 | L51: =H51/D51 -> 0.18897097 | M51: =SUM($L$2:L51)/(A51) -> 0.15048648 | N51: =SUM($G$2:G51) -> 20395.6 | O51: =N51/I51 -> 15.745997
A52: 51 | C52: June | D52: 11477 | E52: =($C$130*A52)+$C$129 -> 10882.364 | G52: =D52-E52 -> 594.63649 | H52: =ABS(G52) -> 594.63649 | I52: =AVERAGE($H$2:H52) -> 1281.5497 | J52: =G52^2 -> 353592.55 | K52: =SUMSQ($G$2:G52)/(A52) -> 3252463.4 | L52: =H52/D52 -> 0.051811143 | M52: =SUM($L$2:L52)/(A52) -> 0.14855167 | N52: =SUM($G$2:G52) -> 20990.237 | O52: =N52/I52 -> 16.378793
A53: 52 | C53: July | D53: 8242 | E53: =($C$130*A53)+$C$129 -> 11002.162 | G53: =D53-E53 -> -2760.1618 | H53: =ABS(G53) -> 2760.1618 | I53: =AVERAGE($H$2:H53) -> 1309.9845 | J53: =G53^2 -> 7618493 | K53: =SUMSQ($G$2:G53)/(A53) -> 3336425.5 | L53: =H53/D53 -> 0.3348898 | M53: =SUM($L$2:L53)/(A53) -> 0.15213509 | N53: =SUM($G$2:G53) -> 18230.075 | O53: =N53/I53 -> 13.916252
A54: 53 | C54: August | D54: 7674 | E54: =($C$130*A54)+$C$129 -> 11121.96 | G54: =D54-E54 -> -3447.96 | H54: =ABS(G54) -> 3447.96 | I54: =AVERAGE($H$2:H54) -> 1350.3237 | J54: =G54^2 -> 11888428 | K54: =SUMSQ($G$2:G54)/(A54) -> 3497784.1 | L54: =H54/D54 -> 0.44930415 | M54: =SUM($L$2:L54)/(A54) -> 0.15774206 | N54: =SUM($G$2:G54) -> 14782.115 | O54: =N54/I54 -> 10.94709
A55: 54 | C55: September | D55: 10339 | E55: =($C$130*A55)+$C$129 -> 11241.758 | G55: =D55-E55 -> -902.75828 | H55: =ABS(G55) -> 902.75828 | I55: =AVERAGE($H$2:H55) -> 1342.0354 | J55: =G55^2 -> 814972.51 | K55: =SUMSQ($G$2:G55)/(A55) -> 3448102.4 | L55: =H55/D55 -> 0.087315822 | M55: =SUM($L$2:L55)/(A55) -> 0.15643787 | N55: =SUM($G$2:G55) -> 13879.357 | O55: =N55/I55 -> 10.342019
A56: 55 | C56: October | D56: 13919 | E56: =($C$130*A56)+$C$129 -> 11361.557 | G56: =D56-E56 -> 2557.4435 | H56: =ABS(G56) -> 2557.4435 | I56: =AVERAGE($H$2:H56) -> 1364.1338 | J56: =G56^2 -> 6540517.1 | K56: =SUMSQ($G$2:G56)/(A56) -> 3504328.1 | L56: =H56/D56 -> 0.18373759 | M56: =SUM($L$2:L56)/(A56) -> 0.15693422 | N56: =SUM($G$2:G56) -> 16436.8 | O56: =N56/I56 -> 12.049258
A57: 56 | C57: November | D57: 10531 | E57: =($C$130*A57)+$C$129 -> 11481.355 | G57: =D57-E57 -> -950.35479 | H57: =ABS(G57) -> 950.35479 | I57: =AVERAGE($H$2:H57) -> 1356.7449 | J57: =G57^2 -> 903174.23 | K57: =SUMSQ($G$2:G57)/(A57) -> 3457878.9 | L57: =H57/D57 -> 0.090243547 | M57: =SUM($L$2:L57)/(A57) -> 0.15574332 | N57: =SUM($G$2:G57) -> 15486.445 | O57: =N57/I57 -> 11.414412
A58: 57 | C58: December | D58: 8435 | E58: =($C$130*A58)+$C$129 -> 11601.153 | G58: =D58-E58 -> -3166.153 | H58: =ABS(G58) -> 3166.153 | I58: =AVERAGE($H$2:H58) -> 1388.4889 | J58: =G58^2 -> 10024525 | K58: =SUMSQ($G$2:G58)/(A58) -> 3573083.3 | L58: =H58/D58 -> 0.37535899 | M58: =SUM($L$2:L58)/(A58) -> 0.15959623 | N58: =SUM($G$2:G58) -> 12320.292 | O58: =N58/I58 -> 8.8731661
